{"type":"FeatureCollection","features":[{"type":"Feature","geometry":{"type":"Point","coordinates":[135.2453,34.436012,13]},"properties":{"description":"File: kansai-sm_1.jpg\\nLat: 34.436012\\nLon: 135.245300\\nAlt: 13.0m\\n--- RTK Data ---\\nTime: 2024-11-10T13:58:14.000Z","styleUrl":"#imagePointWarning","icon-opacity":1,"icon-color":"#ff0000","icon-scale":0.8,"icon":"http://maps.google.com/mapfiles/kml/pushpin/red-pushpin.png","timestamp":"2024-11-10T13:58:14.000Z"}},{"type":"Feature","geometry":{"type":"Point","coordinates":[135.2453,34.436012,13]},"properties":{"description":"File: kansai-sm_45.jpg\\nLat: 34.436012\\nLon: 135.245300\\nAlt: 13.0m\\n--- RTK Data ---\\nTime: 2024-11-10T13:58:43.000Z","styleUrl":"#imagePointWarning","icon-opacity":1,"icon-color":"#ff0000","icon-scale":0.8,"icon":"http://maps.google.com/mapfiles/kml/pushpin/red-pushpin.png","timestamp":"2024-11-10T13:58:43.000Z"}},{"type":"Feature","geometry":{"type":"Point","coordinates":[135.243751,34.43564,24]},"properties":{"description":"File: kansai-sm_164.jpg\\nLat: 34.435640\\nLon: 135.243751\\nAlt: 24.0m\\n--- RTK Data ---\\nTime: 2024-11-10T14:24:36.000Z","styleUrl":"#imagePointWarning","icon-opacity":1,"icon-color":"#ff0000","icon-scale":0.8,"icon":"http://maps.google.com/mapfiles/kml/pushpin/red-pushpin.png","timestamp":"2024-11-10T14:24:36.000Z"}},{"type":"Feature","geometry":{"type":"Point","coordinates":[135.492628,34.682094,84]},"properties":{"description":"File: kansai-sm_172.jpg\\nLat: 34.682094\\nLon: 135.492628\\nAlt: 84.0m\\n--- RTK Data ---\\nTime: 2024-11-10T17:16:34.000Z","styleUrl":"#imagePointWarning","icon-opacity":1,"icon-color":"#ff0000","icon-scale":0.8,"icon":"http://maps.google.com/mapfiles/kml/pushpin/red-pushpin.png","timestamp":"2024-11-10T17:16:34.000Z"}},{"type":"Feature","geometry":{"type":"Point","coordinates":[135.492691,34.682083,81]},"properties":{"description":"File: kansai-sm_162.jpg\\nLat: 34.682083\\nLon: 135.492691\\nAlt: 81.0m\\n--- RTK Data ---\\nTime: 2024-11-10T17:18:37.000Z","styleUrl":"#imagePointWarning","icon-opacity":1,"icon-color":"#ff0000","icon-scale":0.8,"icon":"http://maps.google.com/mapfiles/kml/pushpin/red-pushpin.png","timestamp":"2024-11-10T17:18:37.000Z"}},{"type":"Feature","geometry":{"type":"Point","coordinates":[135.497778,34.681517,56]},"properties":{"description":"File: kansai-sm_163.jpg\\nLat: 34.681517\\nLon: 135.497778\\nAlt: 56.0m\\n--- RTK Data ---\\nTime: 2024-11-10T18:48:51.000Z","styleUrl":"#imagePointWarning","icon-opacity":1,"icon-color":"#ff0000","icon-scale":0.8,"icon":"http://maps.google.com/mapfiles/kml/pushpin/red-pushpin.png","timestamp":"2024-11-10T18:48:51.000Z"}},{"type":"Feature","geometry":{"type":"Point","coordinates":[135.4885,34.681491,26]},"properties":{"description":"File: kansai-sm_160.jpg\\nLat: 34.681491\\nLon: 135.488500\\nAlt: 26.0m\\n--- RTK Data ---\\nTime: 2024-11-11T07:19:27.000Z","styleUrl":"#imagePointWarning","icon-opacity":1,"icon-color":"#ff0000","icon-scale":0.8,"icon":"http://maps.google.com/mapfiles/kml/pushpin/red-pushpin.png","timestamp":"2024-11-11T07:19:27.000Z"}},{"type":"Feature","geometry":{"type":"Point","coordinates":[135.486322,34.681942,52]},"properties":{"description":"File: kansai-sm_84.jpg\\nLat: 34.681942\\nLon: 135.486322\\nAlt: 52.0m\\n--- RTK Data ---\\nTime: 2024-11-11T07:24:27.000Z","styleUrl":"#imagePointWarning","icon-opacity":1,"icon-color":"#ff0000","icon-scale":0.8,"icon":"http://maps.google.com/mapfiles/kml/pushpin/red-pushpin.png","timestamp":"2024-11-11T07:24:27.000Z"}},{"type":"Feature","geometry":{"type":"Point","coordinates":[135.485507,34.687131,37.704]},"properties":{"description":"File: kansai-sm_46.jpg\\nLat: 34.687131\\nLon: 135.485507\\nAlt: 37.7m\\n--- RTK Data ---\\nProcessing Method: GPS\\nTime: 2024-11-11T07:37:11.000Z","styleUrl":"#imagePointWarning","icon-opacity":1,"icon-color":"#ff0000","icon-scale":0.8,"icon":"http://maps.google.com/mapfiles/kml/pushpin/red-pushpin.png","timestamp":"2024-11-11T07:37:11.000Z"}},{"type":"Feature","geometry":{"type":"Point","coordinates":[135.485715,34.687262,32.274]},"properties":{"description":"File: kansai-sm_195.jpg\\nLat: 34.687262\\nLon: 135.485715\\nAlt: 32.3m\\n--- RTK Data ---\\nProcessing Method: GPS\\nTime: 2024-11-11T07:41:06.000Z","styleUrl":"#imagePointWarning","icon-opacity":1,"icon-color":"#ff0000","icon-scale":0.8,"icon":"http://maps.google.com/mapfiles/kml/pushpin/red-pushpin.png","timestamp":"2024-11-11T07:41:06.000Z"}},{"type":"Feature","geometry":{"type":"Point","coordinates":[135.492576,34.691502,56]},"properties":{"description":"File: kansai-sm_218.jpg\\nLat: 34.691502\\nLon: 135.492576\\nAlt: 56.0m\\n--- RTK Data ---\\nTime: 2024-11-11T07:53:30.000Z","styleUrl":"#imagePointWarning","icon-opacity":1,"icon-color":"#ff0000","icon-scale":0.8,"icon":"http://maps.google.com/mapfiles/kml/pushpin/red-pushpin.png","timestamp":"2024-11-11T07:53:30.000Z"}},{"type":"Feature","geometry":{"type":"Point","coordinates":[135.492576,34.691502,56.406]},"properties":{"description":"File: kansai-sm_186.jpg\\nLat: 34.691502\\nLon: 135.492576\\nAlt: 56.4m\\n--- RTK Data ---\\nProcessing Method: GPS\\nTime: 2024-11-11T07:54:40.000Z","styleUrl":"#imagePointWarning","icon-opacity":1,"icon-color":"#ff0000","icon-scale":0.8,"icon":"http://maps.google.com/mapfiles/kml/pushpin/red-pushpin.png","timestamp":"2024-11-11T07:54:40.000Z"}},{"type":"Feature","geometry":{"type":"Point","coordinates":[135.492576,34.691502,56]},"properties":{"description":"File: kansai-sm_252.jpg\\nLat: 34.691502\\nLon: 135.492576\\nAlt: 56.0m\\n--- RTK Data ---\\nTime: 2024-11-11T07:56:17.000Z","styleUrl":"#imagePointWarning","icon-opacity":1,"icon-color":"#ff0000","icon-scale":0.8,"icon":"http://maps.google.com/mapfiles/kml/pushpin/red-pushpin.png","timestamp":"2024-11-11T07:56:17.000Z"}},{"type":"Feature","geometry":{"type":"Point","coordinates":[135.496197,34.694564,177.717]},"properties":{"description":"File: kansai-sm_187.jpg\\nLat: 34.694564\\nLon: 135.496197\\nAlt: 177.7m\\n--- RTK Data ---\\nProcessing Method: GPS\\nTime: 2024-11-11T08:04:57.000Z","styleUrl":"#imagePointWarning","icon-opacity":1,"icon-color":"#ff0000","icon-scale":0.8,"icon":"http://maps.google.com/mapfiles/kml/pushpin/red-pushpin.png","timestamp":"2024-11-11T08:04:57.000Z"}},{"type":"Feature","geometry":{"type":"Point","coordinates":[135.495765,34.701003,360]},"properties":{"description":"File: kansai-sm_5.jpg\\nLat: 34.701003\\nLon: 135.495765\\nAlt: 360.0m\\n--- RTK Data ---\\nTime: 2024-11-11T08:21:36.000Z","styleUrl":"#imagePointWarning","icon-opacity":1,"icon-color":"#ff0000","icon-scale":0.8,"icon":"http://maps.google.com/mapfiles/kml/pushpin/red-pushpin.png","timestamp":"2024-11-11T08:21:36.000Z"}},{"type":"Feature","geometry":{"type":"Point","coordinates":[135.495765,34.701003,360]},"properties":{"description":"File: kansai-sm_223.jpg\\nLat: 34.701003\\nLon: 135.495765\\nAlt: 360.0m\\n--- RTK Data ---\\nTime: 2024-11-11T08:24:52.000Z","styleUrl":"#imagePointWarning","icon-opacity":1,"icon-color":"#ff0000","icon-scale":0.8,"icon":"http://maps.google.com/mapfiles/kml/pushpin/red-pushpin.png","timestamp":"2024-11-11T08:24:52.000Z"}},{"type":"Feature","geometry":{"type":"Point","coordinates":[135.495785,34.702176,96]},"properties":{"description":"File: kansai-sm_6.jpg\\nLat: 34.702176\\nLon: 135.495785\\nAlt: 96.0m\\n--- RTK Data ---\\nTime: 2024-11-11T08:33:37.000Z","styleUrl":"#imagePointWarning","icon-opacity":1,"icon-color":"#ff0000","icon-scale":0.8,"icon":"http://maps.google.com/mapfiles/kml/pushpin/red-pushpin.png","timestamp":"2024-11-11T08:33:37.000Z"}},{"type":"Feature","geometry":{"type":"Point","coordinates":[135.495785,34.702176,96]},"properties":{"description":"File: kansai-sm_7.jpg\\nLat: 34.702176\\nLon: 135.495785\\nAlt: 96.0m\\n--- RTK Data ---\\nTime: 2024-11-11T08:33:59.000Z","styleUrl":"#imagePointWarning","icon-opacity":1,"icon-color":"#ff0000","icon-scale":0.8,"icon":"http://maps.google.com/mapfiles/kml/pushpin/red-pushpin.png","timestamp":"2024-11-11T08:33:59.000Z"}},{"type":"Feature","geometry":{"type":"Point","coordinates":[135.495785,34.702176,96]},"properties":{"description":"File: kansai-sm_224.jpg\\nLat: 34.702176\\nLon: 135.495785\\nAlt: 96.0m\\n--- RTK Data ---\\nTime: 2024-11-11T08:34:15.000Z","styleUrl":"#imagePointWarning","icon-opacity":1,"icon-color":"#ff0000","icon-scale":0.8,"icon":"http://maps.google.com/mapfiles/kml/pushpin/red-pushpin.png","timestamp":"2024-11-11T08:34:15.000Z"}},{"type":"Feature","geometry":{"type":"Point","coordinates":[135.495785,34.702176,96]},"properties":{"description":"File: kansai-sm_241.jpg\\nLat: 34.702176\\nLon: 135.495785\\nAlt: 96.0m\\n--- RTK Data ---\\nTime: 2024-11-11T08:36:12.000Z","styleUrl":"#imagePointWarning","icon-opacity":1,"icon-color":"#ff0000","icon-scale":0.8,"icon":"http://maps.google.com/mapfiles/kml/pushpin/red-pushpin.png","timestamp":"2024-11-11T08:36:12.000Z"}},{"type":"Feature","geometry":{"type":"Point","coordinates":[135.495785,34.702176,96]},"properties":{"description":"File: kansai-sm_8.jpg\\nLat: 34.702176\\nLon: 135.495785\\nAlt: 96.0m\\n--- RTK Data ---\\nTime: 2024-11-11T08:38:50.000Z","styleUrl":"#imagePointWarning","icon-opacity":1,"icon-color":"#ff0000","icon-scale":0.8,"icon":"http://maps.google.com/mapfiles/kml/pushpin/red-pushpin.png","timestamp":"2024-11-11T08:38:50.000Z"}},{"type":"Feature","geometry":{"type":"Point","coordinates":[135.49556,34.702756,10]},"properties":{"description":"File: kansai-sm_9.jpg\\nLat: 34.702756\\nLon: 135.495560\\nAlt: 10.0m\\n--- RTK Data ---\\nTime: 2024-11-11T08:44:13.000Z","styleUrl":"#imagePointWarning","icon-opacity":1,"icon-color":"#ff0000","icon-scale":0.8,"icon":"http://maps.google.com/mapfiles/kml/pushpin/red-pushpin.png","timestamp":"2024-11-11T08:44:13.000Z"}},{"type":"Feature","geometry":{"type":"Point","coordinates":[135.494927,34.70419,139]},"properties":{"description":"File: kansai-sm_10.jpg\\nLat: 34.704190\\nLon: 135.494927\\nAlt: 139.0m\\n--- RTK Data ---\\nTime: 2024-11-11T08:52:08.000Z","styleUrl":"#imagePointWarning","icon-opacity":1,"icon-color":"#ff0000","icon-scale":0.8,"icon":"http://maps.google.com/mapfiles/kml/pushpin/red-pushpin.png","timestamp":"2024-11-11T08:52:08.000Z"}},{"type":"Feature","geometry":{"type":"Point","coordinates":[135.495202,34.702858,92.858]},"properties":{"description":"File: kansai-sm_242.jpg\\nLat: 34.702858\\nLon: 135.495202\\nAlt: 92.9m\\n--- RTK Data ---\\nProcessing Method: GPS\\nTime: 2024-11-11T08:58:07.000Z","styleUrl":"#imagePointWarning","icon-opacity":1,"icon-color":"#ff0000","icon-scale":0.8,"icon":"http://maps.google.com/mapfiles/kml/pushpin/red-pushpin.png","timestamp":"2024-11-11T08:58:07.000Z"}},{"type":"Feature","geometry":{"type":"Point","coordinates":[135.495166,34.704054,187.552]},"properties":{"description":"File: kansai-sm_196.jpg\\nLat: 34.704054\\nLon: 135.495166\\nAlt: 187.6m\\n--- RTK Data ---\\nProcessing Method: GPS\\nTime: 2024-11-11T09:00:31.000Z","styleUrl":"#imagePointWarning","icon-opacity":1,"icon-color":"#ff0000","icon-scale":0.8,"icon":"http://maps.google.com/mapfiles/kml/pushpin/red-pushpin.png","timestamp":"2024-11-11T09:00:31.000Z"}},{"type":"Feature","geometry":{"type":"Point","coordinates":[135.496647,34.702215,6]},"properties":{"description":"File: kansai-sm_11.jpg\\nLat: 34.702215\\nLon: 135.496647\\nAlt: 6.0m\\n--- RTK Data ---\\nTime: 2024-11-11T09:56:16.000Z","styleUrl":"#imagePointWarning","icon-opacity":1,"icon-color":"#ff0000","icon-scale":0.8,"icon":"http://maps.google.com/mapfiles/kml/pushpin/red-pushpin.png","timestamp":"2024-11-11T09:56:16.000Z"}},{"type":"Feature","geometry":{"type":"Point","coordinates":[135.496647,34.702215,6]},"properties":{"description":"File: kansai-sm_12.jpg\\nLat: 34.702215\\nLon: 135.496647\\nAlt: 6.0m\\n--- RTK Data ---\\nTime: 2024-11-11T09:57:10.000Z","styleUrl":"#imagePointWarning","icon-opacity":1,"icon-color":"#ff0000","icon-scale":0.8,"icon":"http://maps.google.com/mapfiles/kml/pushpin/red-pushpin.png","timestamp":"2024-11-11T09:57:10.000Z"}},{"type":"Feature","geometry":{"type":"Point","coordinates":[135.496647,34.702215,6]},"properties":{"description":"File: kansai-sm_13.jpg\\nLat: 34.702215\\nLon: 135.496647\\nAlt: 6.0m\\n--- RTK Data ---\\nTime: 2024-11-11T09:58:10.000Z","styleUrl":"#imagePointWarning","icon-opacity":1,"icon-color":"#ff0000","icon-scale":0.8,"icon":"http://maps.google.com/mapfiles/kml/pushpin/red-pushpin.png","timestamp":"2024-11-11T09:58:10.000Z"}},{"type":"Feature","geometry":{"type":"Point","coordinates":[135.496647,34.702215,6]},"properties":{"description":"File: kansai-sm_14.jpg\\nLat: 34.702215\\nLon: 135.496647\\nAlt: 6.0m\\n--- RTK Data ---\\nTime: 2024-11-11T10:01:19.000Z","styleUrl":"#imagePointWarning","icon-opacity":1,"icon-color":"#ff0000","icon-scale":0.8,"icon":"http://maps.google.com/mapfiles/kml/pushpin/red-pushpin.png","timestamp":"2024-11-11T10:01:19.000Z"}},{"type":"Feature","geometry":{"type":"Point","coordinates":[135.494801,34.704138,64.5]},"properties":{"description":"File: kansai-sm_15.jpg\\nLat: 34.704138\\nLon: 135.494801\\nAlt: 64.5m\\n--- RTK Data ---\\nProcessing Method: CELLID\\nTime: 2024-11-11T10:36:40.000Z","styleUrl":"#imagePointWarning","icon-opacity":1,"icon-color":"#ff0000","icon-scale":0.8,"icon":"http://maps.google.com/mapfiles/kml/pushpin/red-pushpin.png","timestamp":"2024-11-11T10:36:40.000Z"}},{"type":"Feature","geometry":{"type":"Point","coordinates":[135.49451,34.705876,105]},"properties":{"description":"File: kansai-sm_253.jpg\\nLat: 34.705876\\nLon: 135.494510\\nAlt: 105.0m\\n--- RTK Data ---\\nTime: 2024-11-11T10:42:35.000Z","styleUrl":"#imagePointWarning","icon-opacity":1,"icon-color":"#ff0000","icon-scale":0.8,"icon":"http://maps.google.com/mapfiles/kml/pushpin/red-pushpin.png","timestamp":"2024-11-11T10:42:35.000Z"}},{"type":"Feature","geometry":{"type":"Point","coordinates":[135.494511,34.705876,105.177]},"properties":{"description":"File: kansai-sm_193.jpg\\nLat: 34.705876\\nLon: 135.494511\\nAlt: 105.2m\\n--- RTK Data ---\\nProcessing Method: GPS\\nTime: 2024-11-11T10:44:37.000Z","styleUrl":"#imagePointWarning","icon-opacity":1,"icon-color":"#ff0000","icon-scale":0.8,"icon":"http://maps.google.com/mapfiles/kml/pushpin/red-pushpin.png","timestamp":"2024-11-11T10:44:37.000Z"}},{"type":"Feature","geometry":{"type":"Point","coordinates":[135.495385,34.703244,165]},"properties":{"description":"File: kansai-sm_16.jpg\\nLat: 34.703244\\nLon: 135.495385\\nAlt: 165.0m\\n--- RTK Data ---\\nTime: 2024-11-11T13:14:11.000Z","styleUrl":"#imagePointWarning","icon-opacity":1,"icon-color":"#ff0000","icon-scale":0.8,"icon":"http://maps.google.com/mapfiles/kml/pushpin/red-pushpin.png","timestamp":"2024-11-11T13:14:11.000Z"}},{"type":"Feature","geometry":{"type":"Point","coordinates":[135.495385,34.703244,165]},"properties":{"description":"File: kansai-sm_254.jpg\\nLat: 34.703244\\nLon: 135.495385\\nAlt: 165.0m\\n--- RTK Data ---\\nTime: 2024-11-11T13:15:03.000Z","styleUrl":"#imagePointWarning","icon-opacity":1,"icon-color":"#ff0000","icon-scale":0.8,"icon":"http://maps.google.com/mapfiles/kml/pushpin/red-pushpin.png","timestamp":"2024-11-11T13:15:03.000Z"}},{"type":"Feature","geometry":{"type":"Point","coordinates":[135.495385,34.703244,165]},"properties":{"description":"File: kansai-sm_17.jpg\\nLat: 34.703244\\nLon: 135.495385\\nAlt: 165.0m\\n--- RTK Data ---\\nTime: 2024-11-11T13:16:53.000Z","styleUrl":"#imagePointWarning","icon-opacity":1,"icon-color":"#ff0000","icon-scale":0.8,"icon":"http://maps.google.com/mapfiles/kml/pushpin/red-pushpin.png","timestamp":"2024-11-11T13:16:53.000Z"}},{"type":"Feature","geometry":{"type":"Point","coordinates":[135.492328,34.702993,74]},"properties":{"description":"File: kansai-sm_197.jpg\\nLat: 34.702993\\nLon: 135.492328\\nAlt: 74.0m\\n--- RTK Data ---\\nTime: 2024-11-11T13:31:07.000Z","styleUrl":"#imagePointWarning","icon-opacity":1,"icon-color":"#ff0000","icon-scale":0.8,"icon":"http://maps.google.com/mapfiles/kml/pushpin/red-pushpin.png","timestamp":"2024-11-11T13:31:07.000Z"}},{"type":"Feature","geometry":{"type":"Point","coordinates":[135.495576,34.703072,158]},"properties":{"description":"File: kansai-sm_18.jpg\\nLat: 34.703072\\nLon: 135.495576\\nAlt: 158.0m\\n--- RTK Data ---\\nTime: 2024-11-11T14:27:18.000Z","styleUrl":"#imagePointWarning","icon-opacity":1,"icon-color":"#ff0000","icon-scale":0.8,"icon":"http://maps.google.com/mapfiles/kml/pushpin/red-pushpin.png","timestamp":"2024-11-11T14:27:18.000Z"}},{"type":"Feature","geometry":{"type":"Point","coordinates":[135.495576,34.703072,158]},"properties":{"description":"File: kansai-sm_19.jpg\\nLat: 34.703072\\nLon: 135.495576\\nAlt: 158.0m\\n--- RTK Data ---\\nTime: 2024-11-11T14:28:15.000Z","styleUrl":"#imagePointWarning","icon-opacity":1,"icon-color":"#ff0000","icon-scale":0.8,"icon":"http://maps.google.com/mapfiles/kml/pushpin/red-pushpin.png","timestamp":"2024-11-11T14:28:15.000Z"}},{"type":"Feature","geometry":{"type":"Point","coordinates":[135.495167,34.702799,13]},"properties":{"description":"File: kansai-sm_20.jpg\\nLat: 34.702799\\nLon: 135.495167\\nAlt: 13.0m\\n--- RTK Data ---\\nTime: 2024-11-11T14:29:42.000Z","styleUrl":"#imagePointWarning","icon-opacity":1,"icon-color":"#ff0000","icon-scale":0.8,"icon":"http://maps.google.com/mapfiles/kml/pushpin/red-pushpin.png","timestamp":"2024-11-11T14:29:42.000Z"}},{"type":"Feature","geometry":{"type":"Point","coordinates":[135.493256,34.702276,105]},"properties":{"description":"File: kansai-sm_21.jpg\\nLat: 34.702276\\nLon: 135.493256\\nAlt: 105.0m\\n--- RTK Data ---\\nTime: 2024-11-11T14:48:04.000Z","styleUrl":"#imagePointWarning","icon-opacity":1,"icon-color":"#ff0000","icon-scale":0.8,"icon":"http://maps.google.com/mapfiles/kml/pushpin/red-pushpin.png","timestamp":"2024-11-11T14:48:04.000Z"}},{"type":"Feature","geometry":{"type":"Point","coordinates":[135.495567,34.703108,53]},"properties":{"description":"File: kansai-sm_22.jpg\\nLat: 34.703108\\nLon: 135.495567\\nAlt: 53.0m\\n--- RTK Data ---\\nTime: 2024-11-11T17:18:47.000Z","styleUrl":"#imagePointWarning","icon-opacity":1,"icon-color":"#ff0000","icon-scale":0.8,"icon":"http://maps.google.com/mapfiles/kml/pushpin/red-pushpin.png","timestamp":"2024-11-11T17:18:47.000Z"}},{"type":"Feature","geometry":{"type":"Point","coordinates":[135.496349,34.702445,36]},"properties":{"description":"File: kansai-sm_23.jpg\\nLat: 34.702445\\nLon: 135.496349\\nAlt: 36.0m\\n--- RTK Data ---\\nTime: 2024-11-11T17:22:31.000Z","styleUrl":"#imagePointWarning","icon-opacity":1,"icon-color":"#ff0000","icon-scale":0.8,"icon":"http://maps.google.com/mapfiles/kml/pushpin/red-pushpin.png","timestamp":"2024-11-11T17:22:31.000Z"}},{"type":"Feature","geometry":{"type":"Point","coordinates":[135.500094,34.668938,65.138]},"properties":{"description":"File: kansai-sm_255.jpg\\nLat: 34.668938\\nLon: 135.500094\\nAlt: 65.1m\\n--- RTK Data ---\\nProcessing Method: GPS\\nTime: 2024-11-12T07:56:33.000Z","styleUrl":"#imagePointWarning","icon-opacity":1,"icon-color":"#ff0000","icon-scale":0.8,"icon":"http://maps.google.com/mapfiles/kml/pushpin/red-pushpin.png","timestamp":"2024-11-12T07:56:33.000Z"}},{"type":"Feature","geometry":{"type":"Point","coordinates":[135.500094,34.668938,65]},"properties":{"description":"File: kansai-sm_256.jpg\\nLat: 34.668938\\nLon: 135.500094\\nAlt: 65.0m\\n--- RTK Data ---\\nTime: 2024-11-12T07:57:15.000Z","styleUrl":"#imagePointWarning","icon-opacity":1,"icon-color":"#ff0000","icon-scale":0.8,"icon":"http://maps.google.com/mapfiles/kml/pushpin/red-pushpin.png","timestamp":"2024-11-12T07:57:15.000Z"}},{"type":"Feature","geometry":{"type":"Point","coordinates":[135.500094,34.668938,65.138]},"properties":{"description":"File: kansai-sm_175.jpg\\nLat: 34.668938\\nLon: 135.500094\\nAlt: 65.1m\\n--- RTK Data ---\\nProcessing Method: GPS\\nTime: 2024-11-12T07:59:46.000Z","styleUrl":"#imagePointWarning","icon-opacity":1,"icon-color":"#ff0000","icon-scale":0.8,"icon":"http://maps.google.com/mapfiles/kml/pushpin/red-pushpin.png","timestamp":"2024-11-12T07:59:46.000Z"}},{"type":"Feature","geometry":{"type":"Point","coordinates":[135.500094,34.668938,65]},"properties":{"description":"File: kansai-sm_176.jpg\\nLat: 34.668938\\nLon: 135.500094\\nAlt: 65.0m\\n--- RTK Data ---\\nTime: 2024-11-12T08:00:53.000Z","styleUrl":"#imagePointWarning","icon-opacity":1,"icon-color":"#ff0000","icon-scale":0.8,"icon":"http://maps.google.com/mapfiles/kml/pushpin/red-pushpin.png","timestamp":"2024-11-12T08:00:53.000Z"}},{"type":"Feature","geometry":{"type":"Point","coordinates":[135.500094,34.668938,65.138]},"properties":{"description":"File: kansai-sm_177.jpg\\nLat: 34.668938\\nLon: 135.500094\\nAlt: 65.1m\\n--- RTK Data ---\\nProcessing Method: GPS\\nTime: 2024-11-12T08:02:07.000Z","styleUrl":"#imagePointWarning","icon-opacity":1,"icon-color":"#ff0000","icon-scale":0.8,"icon":"http://maps.google.com/mapfiles/kml/pushpin/red-pushpin.png","timestamp":"2024-11-12T08:02:07.000Z"}},{"type":"Feature","geometry":{"type":"Point","coordinates":[135.500094,34.668938,65]},"properties":{"description":"File: kansai-sm_161.jpg\\nLat: 34.668938\\nLon: 135.500094\\nAlt: 65.0m\\n--- RTK Data ---\\nTime: 2024-11-12T08:02:54.000Z","styleUrl":"#imagePointWarning","icon-opacity":1,"icon-color":"#ff0000","icon-scale":0.8,"icon":"http://maps.google.com/mapfiles/kml/pushpin/red-pushpin.png","timestamp":"2024-11-12T08:02:54.000Z"}},{"type":"Feature","geometry":{"type":"Point","coordinates":[135.500094,34.668938,65]},"properties":{"description":"File: kansai-sm_178.jpg\\nLat: 34.668938\\nLon: 135.500094\\nAlt: 65.0m\\n--- RTK Data ---\\nTime: 2024-11-12T08:03:37.000Z","styleUrl":"#imagePointWarning","icon-opacity":1,"icon-color":"#ff0000","icon-scale":0.8,"icon":"http://maps.google.com/mapfiles/kml/pushpin/red-pushpin.png","timestamp":"2024-11-12T08:03:37.000Z"}},{"type":"Feature","geometry":{"type":"Point","coordinates":[135.500094,34.668938,65]},"properties":{"description":"File: kansai-sm_257.jpg\\nLat: 34.668938\\nLon: 135.500094\\nAlt: 65.0m\\n--- RTK Data ---\\nTime: 2024-11-12T08:04:19.000Z","styleUrl":"#imagePointWarning","icon-opacity":1,"icon-color":"#ff0000","icon-scale":0.8,"icon":"http://maps.google.com/mapfiles/kml/pushpin/red-pushpin.png","timestamp":"2024-11-12T08:04:19.000Z"}},{"type":"Feature","geometry":{"type":"Point","coordinates":[135.500094,34.668938,65]},"properties":{"description":"File: kansai-sm_87.jpg\\nLat: 34.668938\\nLon: 135.500094\\nAlt: 65.0m\\n--- RTK Data ---\\nTime: 2024-11-12T08:05:16.000Z","styleUrl":"#imagePointWarning","icon-opacity":1,"icon-color":"#ff0000","icon-scale":0.8,"icon":"http://maps.google.com/mapfiles/kml/pushpin/red-pushpin.png","timestamp":"2024-11-12T08:05:16.000Z"}},{"type":"Feature","geometry":{"type":"Point","coordinates":[135.500094,34.668938,65]},"properties":{"description":"File: kansai-sm_88.jpg\\nLat: 34.668938\\nLon: 135.500094\\nAlt: 65.0m\\n--- RTK Data ---\\nTime: 2024-11-12T08:06:02.000Z","styleUrl":"#imagePointWarning","icon-opacity":1,"icon-color":"#ff0000","icon-scale":0.8,"icon":"http://maps.google.com/mapfiles/kml/pushpin/red-pushpin.png","timestamp":"2024-11-12T08:06:02.000Z"}},{"type":"Feature","geometry":{"type":"Point","coordinates":[135.500094,34.668938,65]},"properties":{"description":"File: kansai-sm_258.jpg\\nLat: 34.668938\\nLon: 135.500094\\nAlt: 65.0m\\n--- RTK Data ---\\nTime: 2024-11-12T08:08:02.000Z","styleUrl":"#imagePointWarning","icon-opacity":1,"icon-color":"#ff0000","icon-scale":0.8,"icon":"http://maps.google.com/mapfiles/kml/pushpin/red-pushpin.png","timestamp":"2024-11-12T08:08:02.000Z"}},{"type":"Feature","geometry":{"type":"Point","coordinates":[135.500867,34.663963,63]},"properties":{"description":"File: kansai-sm_259.jpg\\nLat: 34.663963\\nLon: 135.500867\\nAlt: 63.0m\\n--- RTK Data ---\\nTime: 2024-11-12T08:11:46.000Z","styleUrl":"#imagePointWarning","icon-opacity":1,"icon-color":"#ff0000","icon-scale":0.8,"icon":"http://maps.google.com/mapfiles/kml/pushpin/red-pushpin.png","timestamp":"2024-11-12T08:11:46.000Z"}},{"type":"Feature","geometry":{"type":"Point","coordinates":[135.500867,34.663963,63]},"properties":{"description":"File: kansai-sm_24.jpg\\nLat: 34.663963\\nLon: 135.500867\\nAlt: 63.0m\\n--- RTK Data ---\\nTime: 2024-11-12T08:12:28.000Z","styleUrl":"#imagePointWarning","icon-opacity":1,"icon-color":"#ff0000","icon-scale":0.8,"icon":"http://maps.google.com/mapfiles/kml/pushpin/red-pushpin.png","timestamp":"2024-11-12T08:12:28.000Z"}},{"type":"Feature","geometry":{"type":"Point","coordinates":[135.501796,34.660028,124.709]},"properties":{"description":"File: kansai-sm_3.jpg\\nLat: 34.660028\\nLon: 135.501796\\nAlt: 124.7m\\n--- RTK Data ---\\nProcessing Method: GPS\\nTime: 2024-11-12T08:35:13.000Z","styleUrl":"#imagePointWarning","icon-opacity":1,"icon-color":"#ff0000","icon-scale":0.8,"icon":"http://maps.google.com/mapfiles/kml/pushpin/red-pushpin.png","timestamp":"2024-11-12T08:35:13.000Z"}},{"type":"Feature","geometry":{"type":"Point","coordinates":[135.502054,34.660677,109.38]},"properties":{"description":"File: kansai-sm_198.jpg\\nLat: 34.660677\\nLon: 135.502054\\nAlt: 109.4m\\n--- RTK Data ---\\nProcessing Method: GPS\\nTime: 2024-11-12T09:15:21.000Z","styleUrl":"#imagePointWarning","icon-opacity":1,"icon-color":"#ff0000","icon-scale":0.8,"icon":"http://maps.google.com/mapfiles/kml/pushpin/red-pushpin.png","timestamp":"2024-11-12T09:15:21.000Z"}},{"type":"Feature","geometry":{"type":"Point","coordinates":[135.501152,34.662243,67]},"properties":{"description":"File: kansai-sm_83.jpg\\nLat: 34.662243\\nLon: 135.501152\\nAlt: 67.0m\\n--- RTK Data ---\\nTime: 2024-11-12T09:28:28.000Z","styleUrl":"#imagePointWarning","icon-opacity":1,"icon-color":"#ff0000","icon-scale":0.8,"icon":"http://maps.google.com/mapfiles/kml/pushpin/red-pushpin.png","timestamp":"2024-11-12T09:28:28.000Z"}},{"type":"Feature","geometry":{"type":"Point","coordinates":[135.500824,34.663385,29]},"properties":{"description":"File: kansai-sm_174.jpg\\nLat: 34.663385\\nLon: 135.500824\\nAlt: 29.0m\\n--- RTK Data ---\\nTime: 2024-11-12T10:54:18.000Z","styleUrl":"#imagePointWarning","icon-opacity":1,"icon-color":"#ff0000","icon-scale":0.8,"icon":"http://maps.google.com/mapfiles/kml/pushpin/red-pushpin.png","timestamp":"2024-11-12T10:54:18.000Z"}},{"type":"Feature","geometry":{"type":"Point","coordinates":[135.500824,34.663385,29]},"properties":{"description":"File: kansai-sm_86.jpg\\nLat: 34.663385\\nLon: 135.500824\\nAlt: 29.0m\\n--- RTK Data ---\\nTime: 2024-11-12T10:54:18.000Z","styleUrl":"#imagePointWarning","icon-opacity":1,"icon-color":"#ff0000","icon-scale":0.8,"icon":"http://maps.google.com/mapfiles/kml/pushpin/red-pushpin.png","timestamp":"2024-11-12T10:54:18.000Z"}},{"type":"Feature","geometry":{"type":"Point","coordinates":[135.49943,34.664941,90]},"properties":{"description":"File: kansai-sm_173.jpg\\nLat: 34.664941\\nLon: 135.499430\\nAlt: 90.0m\\n--- RTK Data ---\\nTime: 2024-11-12T11:17:54.000Z","styleUrl":"#imagePointWarning","icon-opacity":1,"icon-color":"#ff0000","icon-scale":0.8,"icon":"http://maps.google.com/mapfiles/kml/pushpin/red-pushpin.png","timestamp":"2024-11-12T11:17:54.000Z"}},{"type":"Feature","geometry":{"type":"Point","coordinates":[135.496343,34.66915,58.261]},"properties":{"description":"File: kansai-sm_225.jpg\\nLat: 34.669150\\nLon: 135.496343\\nAlt: 58.3m\\n--- RTK Data ---\\nProcessing Method: GPS\\nTime: 2024-11-12T11:25:41.000Z","styleUrl":"#imagePointWarning","icon-opacity":1,"icon-color":"#ff0000","icon-scale":0.8,"icon":"http://maps.google.com/mapfiles/kml/pushpin/red-pushpin.png","timestamp":"2024-11-12T11:25:41.000Z"}},{"type":"Feature","geometry":{"type":"Point","coordinates":[135.504452,34.669017,92.565]},"properties":{"description":"File: kansai-sm_260.jpg\\nLat: 34.669017\\nLon: 135.504452\\nAlt: 92.6m\\n--- RTK Data ---\\nProcessing Method: GPS\\nTime: 2024-11-12T11:43:25.000Z","styleUrl":"#imagePointWarning","icon-opacity":1,"icon-color":"#ff0000","icon-scale":0.8,"icon":"http://maps.google.com/mapfiles/kml/pushpin/red-pushpin.png","timestamp":"2024-11-12T11:43:25.000Z"}},{"type":"Feature","geometry":{"type":"Point","coordinates":[135.505762,34.669029,60.03]},"properties":{"description":"File: kansai-sm_199.jpg\\nLat: 34.669029\\nLon: 135.505762\\nAlt: 60.0m\\n--- RTK Data ---\\nProcessing Method: GPS\\nTime: 2024-11-12T11:45:00.000Z","styleUrl":"#imagePointWarning","icon-opacity":1,"icon-color":"#ff0000","icon-scale":0.8,"icon":"http://maps.google.com/mapfiles/kml/pushpin/red-pushpin.png","timestamp":"2024-11-12T11:45:00.000Z"}},{"type":"Feature","geometry":{"type":"Point","coordinates":[135.503089,34.668535,88]},"properties":{"description":"File: kansai-sm_89.jpg\\nLat: 34.668535\\nLon: 135.503089\\nAlt: 88.0m\\n--- RTK Data ---\\nTime: 2024-11-12T11:58:10.000Z","styleUrl":"#imagePointWarning","icon-opacity":1,"icon-color":"#ff0000","icon-scale":0.8,"icon":"http://maps.google.com/mapfiles/kml/pushpin/red-pushpin.png","timestamp":"2024-11-12T11:58:10.000Z"}},{"type":"Feature","geometry":{"type":"Point","coordinates":[135.501267,34.674365,104]},"properties":{"description":"File: kansai-sm_90.jpg\\nLat: 34.674365\\nLon: 135.501267\\nAlt: 104.0m\\n--- RTK Data ---\\nTime: 2024-11-12T14:46:52.000Z","styleUrl":"#imagePointWarning","icon-opacity":1,"icon-color":"#ff0000","icon-scale":0.8,"icon":"http://maps.google.com/mapfiles/kml/pushpin/red-pushpin.png","timestamp":"2024-11-12T14:46:52.000Z"}},{"type":"Feature","geometry":{"type":"Point","coordinates":[135.501076,34.669063,112]},"properties":{"description":"File: kansai-sm_200.jpg\\nLat: 34.669063\\nLon: 135.501076\\nAlt: 112.0m\\n--- RTK Data ---\\nTime: 2024-11-12T15:11:24.000Z","styleUrl":"#imagePointWarning","icon-opacity":1,"icon-color":"#ff0000","icon-scale":0.8,"icon":"http://maps.google.com/mapfiles/kml/pushpin/red-pushpin.png","timestamp":"2024-11-12T15:11:24.000Z"}},{"type":"Feature","geometry":{"type":"Point","coordinates":[135.503078,34.669058,81]},"properties":{"description":"File: kansai-sm_261.jpg\\nLat: 34.669058\\nLon: 135.503078\\nAlt: 81.0m\\n--- RTK Data ---\\nTime: 2024-11-13T07:38:59.000Z","styleUrl":"#imagePointWarning","icon-opacity":1,"icon-color":"#ff0000","icon-scale":0.8,"icon":"http://maps.google.com/mapfiles/kml/pushpin/red-pushpin.png","timestamp":"2024-11-13T07:38:59.000Z"}},{"type":"Feature","geometry":{"type":"Point","coordinates":[135.503131,34.667797,82]},"properties":{"description":"File: kansai-sm_104.jpg\\nLat: 34.667797\\nLon: 135.503131\\nAlt: 82.0m\\n--- RTK Data ---\\nTime: 2024-11-13T07:42:31.000Z","styleUrl":"#imagePointWarning","icon-opacity":1,"icon-color":"#ff0000","icon-scale":0.8,"icon":"http://maps.google.com/mapfiles/kml/pushpin/red-pushpin.png","timestamp":"2024-11-13T07:42:31.000Z"}},{"type":"Feature","geometry":{"type":"Point","coordinates":[135.506601,34.692298,49.498]},"properties":{"description":"File: kansai-sm_220.jpg\\nLat: 34.692298\\nLon: 135.506601\\nAlt: 49.5m\\n--- RTK Data ---\\nProcessing Method: GPS\\nTime: 2024-11-13T09:45:16.000Z","styleUrl":"#imagePointWarning","icon-opacity":1,"icon-color":"#ff0000","icon-scale":0.8,"icon":"http://maps.google.com/mapfiles/kml/pushpin/red-pushpin.png","timestamp":"2024-11-13T09:45:16.000Z"}},{"type":"Feature","geometry":{"type":"Point","coordinates":[135.506601,34.692298,49.498]},"properties":{"description":"File: kansai-sm_262.jpg\\nLat: 34.692298\\nLon: 135.506601\\nAlt: 49.5m\\n--- RTK Data ---\\nProcessing Method: GPS\\nTime: 2024-11-13T09:45:37.000Z","styleUrl":"#imagePointWarning","icon-opacity":1,"icon-color":"#ff0000","icon-scale":0.8,"icon":"http://maps.google.com/mapfiles/kml/pushpin/red-pushpin.png","timestamp":"2024-11-13T09:45:37.000Z"}},{"type":"Feature","geometry":{"type":"Point","coordinates":[135.506601,34.692298,49.498]},"properties":{"description":"File: kansai-sm_201.jpg\\nLat: 34.692298\\nLon: 135.506601\\nAlt: 49.5m\\n--- RTK Data ---\\nProcessing Method: GPS\\nTime: 2024-11-13T09:46:57.000Z","styleUrl":"#imagePointWarning","icon-opacity":1,"icon-color":"#ff0000","icon-scale":0.8,"icon":"http://maps.google.com/mapfiles/kml/pushpin/red-pushpin.png","timestamp":"2024-11-13T09:46:57.000Z"}},{"type":"Feature","geometry":{"type":"Point","coordinates":[135.506601,34.692298,49.498]},"properties":{"description":"File: kansai-sm_165.jpg\\nLat: 34.692298\\nLon: 135.506601\\nAlt: 49.5m\\n--- RTK Data ---\\nProcessing Method: GPS\\nTime: 2024-11-13T09:51:54.000Z","styleUrl":"#imagePointWarning","icon-opacity":1,"icon-color":"#ff0000","icon-scale":0.8,"icon":"http://maps.google.com/mapfiles/kml/pushpin/red-pushpin.png","timestamp":"2024-11-13T09:51:54.000Z"}},{"type":"Feature","geometry":{"type":"Point","coordinates":[135.507888,34.692636,10.956]},"properties":{"description":"File: kansai-sm_166.jpg\\nLat: 34.692636\\nLon: 135.507888\\nAlt: 11.0m\\n--- RTK Data ---\\nProcessing Method: GPS\\nTime: 2024-11-13T09:54:00.000Z","styleUrl":"#imagePointWarning","icon-opacity":1,"icon-color":"#ff0000","icon-scale":0.8,"icon":"http://maps.google.com/mapfiles/kml/pushpin/red-pushpin.png","timestamp":"2024-11-13T09:54:00.000Z"}},{"type":"Feature","geometry":{"type":"Point","coordinates":[135.507883,34.692686,39.504]},"properties":{"description":"File: kansai-sm_219.jpg\\nLat: 34.692686\\nLon: 135.507883\\nAlt: 39.5m\\n--- RTK Data ---\\nProcessing Method: GPS\\nTime: 2024-11-13T09:56:57.000Z","styleUrl":"#imagePointWarning","icon-opacity":1,"icon-color":"#ff0000","icon-scale":0.8,"icon":"http://maps.google.com/mapfiles/kml/pushpin/red-pushpin.png","timestamp":"2024-11-13T09:56:57.000Z"}},{"type":"Feature","geometry":{"type":"Point","coordinates":[135.507883,34.692686,39.504]},"properties":{"description":"File: kansai-sm_168.jpg\\nLat: 34.692686\\nLon: 135.507883\\nAlt: 39.5m\\n--- RTK Data ---\\nProcessing Method: GPS\\nTime: 2024-11-13T09:57:44.000Z","styleUrl":"#imagePointWarning","icon-opacity":1,"icon-color":"#ff0000","icon-scale":0.8,"icon":"http://maps.google.com/mapfiles/kml/pushpin/red-pushpin.png","timestamp":"2024-11-13T09:57:44.000Z"}},{"type":"Feature","geometry":{"type":"Point","coordinates":[135.507883,34.692686,39]},"properties":{"description":"File: kansai-sm_169.jpg\\nLat: 34.692686\\nLon: 135.507883\\nAlt: 39.0m\\n--- RTK Data ---\\nTime: 2024-11-13T10:01:19.000Z","styleUrl":"#imagePointWarning","icon-opacity":1,"icon-color":"#ff0000","icon-scale":0.8,"icon":"http://maps.google.com/mapfiles/kml/pushpin/red-pushpin.png","timestamp":"2024-11-13T10:01:19.000Z"}},{"type":"Feature","geometry":{"type":"Point","coordinates":[135.507883,34.692686,39]},"properties":{"description":"File: kansai-sm_170.jpg\\nLat: 34.692686\\nLon: 135.507883\\nAlt: 39.0m\\n--- RTK Data ---\\nTime: 2024-11-13T10:01:32.000Z","styleUrl":"#imagePointWarning","icon-opacity":1,"icon-color":"#ff0000","icon-scale":0.8,"icon":"http://maps.google.com/mapfiles/kml/pushpin/red-pushpin.png","timestamp":"2024-11-13T10:01:32.000Z"}},{"type":"Feature","geometry":{"type":"Point","coordinates":[135.507883,34.692686,39.504]},"properties":{"description":"File: kansai-sm_58.jpg\\nLat: 34.692686\\nLon: 135.507883\\nAlt: 39.5m\\n--- RTK Data ---\\nProcessing Method: GPS\\nTime: 2024-11-13T10:02:13.000Z","styleUrl":"#imagePointWarning","icon-opacity":1,"icon-color":"#ff0000","icon-scale":0.8,"icon":"http://maps.google.com/mapfiles/kml/pushpin/red-pushpin.png","timestamp":"2024-11-13T10:02:13.000Z"}},{"type":"Feature","geometry":{"type":"Point","coordinates":[135.507883,34.692686,39.504]},"properties":{"description":"File: kansai-sm_188.jpg\\nLat: 34.692686\\nLon: 135.507883\\nAlt: 39.5m\\n--- RTK Data ---\\nProcessing Method: GPS\\nTime: 2024-11-13T10:04:32.000Z","styleUrl":"#imagePointWarning","icon-opacity":1,"icon-color":"#ff0000","icon-scale":0.8,"icon":"http://maps.google.com/mapfiles/kml/pushpin/red-pushpin.png","timestamp":"2024-11-13T10:04:32.000Z"}},{"type":"Feature","geometry":{"type":"Point","coordinates":[135.507883,34.692686,39]},"properties":{"description":"File: kansai-sm_202.jpg\\nLat: 34.692686\\nLon: 135.507883\\nAlt: 39.0m\\n--- RTK Data ---\\nTime: 2024-11-13T10:05:28.000Z","styleUrl":"#imagePointWarning","icon-opacity":1,"icon-color":"#ff0000","icon-scale":0.8,"icon":"http://maps.google.com/mapfiles/kml/pushpin/red-pushpin.png","timestamp":"2024-11-13T10:05:28.000Z"}},{"type":"Feature","geometry":{"type":"Point","coordinates":[135.511869,34.693918,32]},"properties":{"description":"File: kansai-sm_91.jpg\\nLat: 34.693918\\nLon: 135.511869\\nAlt: 32.0m\\n--- RTK Data ---\\nTime: 2024-11-13T10:30:40.000Z","styleUrl":"#imagePointWarning","icon-opacity":1,"icon-color":"#ff0000","icon-scale":0.8,"icon":"http://maps.google.com/mapfiles/kml/pushpin/red-pushpin.png","timestamp":"2024-11-13T10:30:40.000Z"}},{"type":"Feature","geometry":{"type":"Point","coordinates":[135.511869,34.693918,32]},"properties":{"description":"File: kansai-sm_92.jpg\\nLat: 34.693918\\nLon: 135.511869\\nAlt: 32.0m\\n--- RTK Data ---\\nTime: 2024-11-13T10:32:40.000Z","styleUrl":"#imagePointWarning","icon-opacity":1,"icon-color":"#ff0000","icon-scale":0.8,"icon":"http://maps.google.com/mapfiles/kml/pushpin/red-pushpin.png","timestamp":"2024-11-13T10:32:40.000Z"}},{"type":"Feature","geometry":{"type":"Point","coordinates":[135.51187,34.693918,32.156]},"properties":{"description":"File: kansai-sm_94.jpg\\nLat: 34.693918\\nLon: 135.511870\\nAlt: 32.2m\\n--- RTK Data ---\\nProcessing Method: GPS\\nTime: 2024-11-13T10:37:41.000Z","styleUrl":"#imagePointWarning","icon-opacity":1,"icon-color":"#ff0000","icon-scale":0.8,"icon":"http://maps.google.com/mapfiles/kml/pushpin/red-pushpin.png","timestamp":"2024-11-13T10:37:41.000Z"}},{"type":"Feature","geometry":{"type":"Point","coordinates":[135.511643,34.698779,42]},"properties":{"description":"File: kansai-sm_95.jpg\\nLat: 34.698779\\nLon: 135.511643\\nAlt: 42.0m\\n--- RTK Data ---\\nTime: 2024-11-13T10:46:46.000Z","styleUrl":"#imagePointWarning","icon-opacity":1,"icon-color":"#ff0000","icon-scale":0.8,"icon":"http://maps.google.com/mapfiles/kml/pushpin/red-pushpin.png","timestamp":"2024-11-13T10:46:46.000Z"}},{"type":"Feature","geometry":{"type":"Point","coordinates":[135.511643,34.698779,42]},"properties":{"description":"File: kansai-sm_263.jpg\\nLat: 34.698779\\nLon: 135.511643\\nAlt: 42.0m\\n--- RTK Data ---\\nTime: 2024-11-13T10:48:38.000Z","styleUrl":"#imagePointWarning","icon-opacity":1,"icon-color":"#ff0000","icon-scale":0.8,"icon":"http://maps.google.com/mapfiles/kml/pushpin/red-pushpin.png","timestamp":"2024-11-13T10:48:38.000Z"}},{"type":"Feature","geometry":{"type":"Point","coordinates":[135.511356,34.702298,78]},"properties":{"description":"File: kansai-sm_96.jpg\\nLat: 34.702298\\nLon: 135.511356\\nAlt: 78.0m\\n--- RTK Data ---\\nTime: 2024-11-13T10:54:08.000Z","styleUrl":"#imagePointWarning","icon-opacity":1,"icon-color":"#ff0000","icon-scale":0.8,"icon":"http://maps.google.com/mapfiles/kml/pushpin/red-pushpin.png","timestamp":"2024-11-13T10:54:08.000Z"}},{"type":"Feature","geometry":{"type":"Point","coordinates":[135.511356,34.702298,78]},"properties":{"description":"File: kansai-sm_97.jpg\\nLat: 34.702298\\nLon: 135.511356\\nAlt: 78.0m\\n--- RTK Data ---\\nTime: 2024-11-13T10:55:26.000Z","styleUrl":"#imagePointWarning","icon-opacity":1,"icon-color":"#ff0000","icon-scale":0.8,"icon":"http://maps.google.com/mapfiles/kml/pushpin/red-pushpin.png","timestamp":"2024-11-13T10:55:26.000Z"}},{"type":"Feature","geometry":{"type":"Point","coordinates":[135.511356,34.702298,78]},"properties":{"description":"File: kansai-sm_98.jpg\\nLat: 34.702298\\nLon: 135.511356\\nAlt: 78.0m\\n--- RTK Data ---\\nTime: 2024-11-13T10:56:08.000Z","styleUrl":"#imagePointWarning","icon-opacity":1,"icon-color":"#ff0000","icon-scale":0.8,"icon":"http://maps.google.com/mapfiles/kml/pushpin/red-pushpin.png","timestamp":"2024-11-13T10:56:08.000Z"}},{"type":"Feature","geometry":{"type":"Point","coordinates":[135.511531,34.703374,79]},"properties":{"description":"File: kansai-sm_99.jpg\\nLat: 34.703374\\nLon: 135.511531\\nAlt: 79.0m\\n--- RTK Data ---\\nTime: 2024-11-13T11:03:38.000Z","styleUrl":"#imagePointWarning","icon-opacity":1,"icon-color":"#ff0000","icon-scale":0.8,"icon":"http://maps.google.com/mapfiles/kml/pushpin/red-pushpin.png","timestamp":"2024-11-13T11:03:38.000Z"}},{"type":"Feature","geometry":{"type":"Point","coordinates":[135.51121,34.710882,39]},"properties":{"description":"File: kansai-sm_100.jpg\\nLat: 34.710882\\nLon: 135.511210\\nAlt: 39.0m\\n--- RTK Data ---\\nTime: 2024-11-13T11:17:12.000Z","styleUrl":"#imagePointWarning","icon-opacity":1,"icon-color":"#ff0000","icon-scale":0.8,"icon":"http://maps.google.com/mapfiles/kml/pushpin/red-pushpin.png","timestamp":"2024-11-13T11:17:12.000Z"}},{"type":"Feature","geometry":{"type":"Point","coordinates":[135.494332,34.703858,71]},"properties":{"description":"File: kansai-sm_26.jpg\\nLat: 34.703858\\nLon: 135.494332\\nAlt: 71.0m\\n--- RTK Data ---\\nTime: 2024-11-13T12:16:00.000Z","styleUrl":"#imagePointWarning","icon-opacity":1,"icon-color":"#ff0000","icon-scale":0.8,"icon":"http://maps.google.com/mapfiles/kml/pushpin/red-pushpin.png","timestamp":"2024-11-13T12:16:00.000Z"}},{"type":"Feature","geometry":{"type":"Point","coordinates":[135.494332,34.703858,71]},"properties":{"description":"File: kansai-sm_27.jpg\\nLat: 34.703858\\nLon: 135.494332\\nAlt: 71.0m\\n--- RTK Data ---\\nTime: 2024-11-13T12:16:16.000Z","styleUrl":"#imagePointWarning","icon-opacity":1,"icon-color":"#ff0000","icon-scale":0.8,"icon":"http://maps.google.com/mapfiles/kml/pushpin/red-pushpin.png","timestamp":"2024-11-13T12:16:16.000Z"}},{"type":"Feature","geometry":{"type":"Point","coordinates":[135.494332,34.703858,71]},"properties":{"description":"File: kansai-sm_28.jpg\\nLat: 34.703858\\nLon: 135.494332\\nAlt: 71.0m\\n--- RTK Data ---\\nTime: 2024-11-13T12:17:33.000Z","styleUrl":"#imagePointWarning","icon-opacity":1,"icon-color":"#ff0000","icon-scale":0.8,"icon":"http://maps.google.com/mapfiles/kml/pushpin/red-pushpin.png","timestamp":"2024-11-13T12:17:33.000Z"}},{"type":"Feature","geometry":{"type":"Point","coordinates":[135.497634,34.707432,62]},"properties":{"description":"File: kansai-sm_101.jpg\\nLat: 34.707432\\nLon: 135.497634\\nAlt: 62.0m\\n--- RTK Data ---\\nTime: 2024-11-13T12:37:06.000Z","styleUrl":"#imagePointWarning","icon-opacity":1,"icon-color":"#ff0000","icon-scale":0.8,"icon":"http://maps.google.com/mapfiles/kml/pushpin/red-pushpin.png","timestamp":"2024-11-13T12:37:06.000Z"}},{"type":"Feature","geometry":{"type":"Point","coordinates":[135.500119,34.705638,44]},"properties":{"description":"File: kansai-sm_264.jpg\\nLat: 34.705638\\nLon: 135.500119\\nAlt: 44.0m\\n--- RTK Data ---\\nTime: 2024-11-13T12:52:44.000Z","styleUrl":"#imagePointWarning","icon-opacity":1,"icon-color":"#ff0000","icon-scale":0.8,"icon":"http://maps.google.com/mapfiles/kml/pushpin/red-pushpin.png","timestamp":"2024-11-13T12:52:44.000Z"}},{"type":"Feature","geometry":{"type":"Point","coordinates":[135.501085,34.705973,48]},"properties":{"description":"File: kansai-sm_102.jpg\\nLat: 34.705973\\nLon: 135.501085\\nAlt: 48.0m\\n--- RTK Data ---\\nTime: 2024-11-13T12:57:28.000Z","styleUrl":"#imagePointWarning","icon-opacity":1,"icon-color":"#ff0000","icon-scale":0.8,"icon":"http://maps.google.com/mapfiles/kml/pushpin/red-pushpin.png","timestamp":"2024-11-13T12:57:28.000Z"}},{"type":"Feature","geometry":{"type":"Point","coordinates":[135.505296,34.707862,10]},"properties":{"description":"File: kansai-sm_47.jpg\\nLat: 34.707862\\nLon: 135.505296\\nAlt: 10.0m\\n--- RTK Data ---\\nTime: 2024-11-13T13:09:18.000Z","styleUrl":"#imagePointWarning","icon-opacity":1,"icon-color":"#ff0000","icon-scale":0.8,"icon":"http://maps.google.com/mapfiles/kml/pushpin/red-pushpin.png","timestamp":"2024-11-13T13:09:18.000Z"}},{"type":"Feature","geometry":{"type":"Point","coordinates":[135.50528,34.708781,0]},"properties":{"description":"File: kansai-sm_48.jpg\\nLat: 34.708781\\nLon: 135.505280\\n--- RTK Data ---\\nTime: 2024-11-13T13:15:51.000Z","styleUrl":"#imagePointWarning","icon-opacity":1,"icon-color":"#ff0000","icon-scale":0.8,"icon":"http://maps.google.com/mapfiles/kml/pushpin/red-pushpin.png","timestamp":"2024-11-13T13:15:51.000Z"}},{"type":"Feature","geometry":{"type":"Point","coordinates":[135.505717,34.708198,29]},"properties":{"description":"File: kansai-sm_81.jpg\\nLat: 34.708198\\nLon: 135.505717\\nAlt: 29.0m\\n--- RTK Data ---\\nTime: 2024-11-13T13:18:36.000Z","styleUrl":"#imagePointWarning","icon-opacity":1,"icon-color":"#ff0000","icon-scale":0.8,"icon":"http://maps.google.com/mapfiles/kml/pushpin/red-pushpin.png","timestamp":"2024-11-13T13:18:36.000Z"}},{"type":"Feature","geometry":{"type":"Point","coordinates":[135.506252,34.707533,66]},"properties":{"description":"File: kansai-sm_103.jpg\\nLat: 34.707533\\nLon: 135.506252\\nAlt: 66.0m\\n--- RTK Data ---\\nTime: 2024-11-13T13:20:36.000Z","styleUrl":"#imagePointWarning","icon-opacity":1,"icon-color":"#ff0000","icon-scale":0.8,"icon":"http://maps.google.com/mapfiles/kml/pushpin/red-pushpin.png","timestamp":"2024-11-13T13:20:36.000Z"}},{"type":"Feature","geometry":{"type":"Point","coordinates":[135.77688,34.680579,107]},"properties":{"description":"File: kansai-sm_226.jpg\\nLat: 34.680579\\nLon: 135.776880\\nAlt: 107.0m\\n--- RTK Data ---\\nProcessing Method: GPS\\nTime: 2024-11-14T09:20:18.000Z","styleUrl":"#imagePointWarning","icon-opacity":1,"icon-color":"#ff0000","icon-scale":0.8,"icon":"http://maps.google.com/mapfiles/kml/pushpin/red-pushpin.png","timestamp":"2024-11-14T09:20:18.000Z"}},{"type":"Feature","geometry":{"type":"Point","coordinates":[135.777299,34.680722,122.612]},"properties":{"description":"File: kansai-sm_155.jpg\\nLat: 34.680722\\nLon: 135.777299\\nAlt: 122.6m\\n--- RTK Data ---\\nProcessing Method: GPS\\nTime: 2024-11-14T10:06:47.000Z","styleUrl":"#imagePointWarning","icon-opacity":1,"icon-color":"#ff0000","icon-scale":0.8,"icon":"http://maps.google.com/mapfiles/kml/pushpin/red-pushpin.png","timestamp":"2024-11-14T10:06:47.000Z"}},{"type":"Feature","geometry":{"type":"Point","coordinates":[135.777625,34.681995,120.429]},"properties":{"description":"File: kansai-sm_49.jpg\\nLat: 34.681995\\nLon: 135.777625\\nAlt: 120.4m\\n--- RTK Data ---\\nProcessing Method: GPS\\nTime: 2024-11-14T10:10:35.000Z","styleUrl":"#imagePointWarning","icon-opacity":1,"icon-color":"#ff0000","icon-scale":0.8,"icon":"http://maps.google.com/mapfiles/kml/pushpin/red-pushpin.png","timestamp":"2024-11-14T10:10:35.000Z"}},{"type":"Feature","geometry":{"type":"Point","coordinates":[135.777699,34.682289,119.752]},"properties":{"description":"File: kansai-sm_156.jpg\\nLat: 34.682289\\nLon: 135.777699\\nAlt: 119.8m\\n--- RTK Data ---\\nProcessing Method: GPS\\nTime: 2024-11-14T10:11:15.000Z","styleUrl":"#imagePointWarning","icon-opacity":1,"icon-color":"#ff0000","icon-scale":0.8,"icon":"http://maps.google.com/mapfiles/kml/pushpin/red-pushpin.png","timestamp":"2024-11-14T10:11:15.000Z"}},{"type":"Feature","geometry":{"type":"Point","coordinates":[135.778098,34.682572,123.221]},"properties":{"description":"File: kansai-sm_139.jpg\\nLat: 34.682572\\nLon: 135.778098\\nAlt: 123.2m\\n--- RTK Data ---\\nProcessing Method: GPS\\nTime: 2024-11-14T10:12:34.000Z","styleUrl":"#imagePointWarning","icon-opacity":1,"icon-color":"#ff0000","icon-scale":0.8,"icon":"http://maps.google.com/mapfiles/kml/pushpin/red-pushpin.png","timestamp":"2024-11-14T10:12:34.000Z"}},{"type":"Feature","geometry":{"type":"Point","coordinates":[135.778726,34.682579,0]},"properties":{"description":"File: kansai-sm_265.jpg\\nLat: 34.682579\\nLon: 135.778726\\n--- RTK Data ---\\nTime: 2024-11-14T10:13:22.000Z","styleUrl":"#imagePointWarning","icon-opacity":1,"icon-color":"#ff0000","icon-scale":0.8,"icon":"http://maps.google.com/mapfiles/kml/pushpin/red-pushpin.png","timestamp":"2024-11-14T10:13:22.000Z"}},{"type":"Feature","geometry":{"type":"Point","coordinates":[135.779846,34.682806,109.363]},"properties":{"description":"File: kansai-sm_125.jpg\\nLat: 34.682806\\nLon: 135.779846\\nAlt: 109.4m\\n--- RTK Data ---\\nProcessing Method: GPS\\nTime: 2024-11-14T10:15:15.000Z","styleUrl":"#imagePointWarning","icon-opacity":1,"icon-color":"#ff0000","icon-scale":0.8,"icon":"http://maps.google.com/mapfiles/kml/pushpin/red-pushpin.png","timestamp":"2024-11-14T10:15:15.000Z"}},{"type":"Feature","geometry":{"type":"Point","coordinates":[135.77977,34.682845,126]},"properties":{"description":"File: kansai-sm_50.jpg\\nLat: 34.682845\\nLon: 135.779770\\nAlt: 126.0m\\n--- RTK Data ---\\nTime: 2024-11-14T10:15:39.000Z","styleUrl":"#imagePointWarning","icon-opacity":1,"icon-color":"#ff0000","icon-scale":0.8,"icon":"http://maps.google.com/mapfiles/kml/pushpin/red-pushpin.png","timestamp":"2024-11-14T10:15:39.000Z"}},{"type":"Feature","geometry":{"type":"Point","coordinates":[135.779809,34.682964,112.077]},"properties":{"description":"File: kansai-sm_189.jpg\\nLat: 34.682964\\nLon: 135.779809\\nAlt: 112.1m\\n--- RTK Data ---\\nProcessing Method: GPS\\nTime: 2024-11-14T10:16:27.000Z","styleUrl":"#imagePointWarning","icon-opacity":1,"icon-color":"#ff0000","icon-scale":0.8,"icon":"http://maps.google.com/mapfiles/kml/pushpin/red-pushpin.png","timestamp":"2024-11-14T10:16:27.000Z"}},{"type":"Feature","geometry":{"type":"Point","coordinates":[135.779785,34.683158,115.482]},"properties":{"description":"File: kansai-sm_51.jpg\\nLat: 34.683158\\nLon: 135.779785\\nAlt: 115.5m\\n--- RTK Data ---\\nProcessing Method: GPS\\nTime: 2024-11-14T10:17:11.000Z","styleUrl":"#imagePointWarning","icon-opacity":1,"icon-color":"#ff0000","icon-scale":0.8,"icon":"http://maps.google.com/mapfiles/kml/pushpin/red-pushpin.png","timestamp":"2024-11-14T10:17:11.000Z"}},{"type":"Feature","geometry":{"type":"Point","coordinates":[135.782101,34.686703,114.254]},"properties":{"description":"File: kansai-sm_157.jpg\\nLat: 34.686703\\nLon: 135.782101\\nAlt: 114.3m\\n--- RTK Data ---\\nProcessing Method: GPS\\nTime: 2024-11-14T10:25:37.000Z","styleUrl":"#imagePointWarning","icon-opacity":1,"icon-color":"#ff0000","icon-scale":0.8,"icon":"http://maps.google.com/mapfiles/kml/pushpin/red-pushpin.png","timestamp":"2024-11-14T10:25:37.000Z"}},{"type":"Feature","geometry":{"type":"Point","coordinates":[135.782422,34.687106,145.491]},"properties":{"description":"File: kansai-sm_52.jpg\\nLat: 34.687106\\nLon: 135.782422\\nAlt: 145.5m\\n--- RTK Data ---\\nProcessing Method: GPS\\nTime: 2024-11-14T10:30:23.000Z","styleUrl":"#imagePointWarning","icon-opacity":1,"icon-color":"#ff0000","icon-scale":0.8,"icon":"http://maps.google.com/mapfiles/kml/pushpin/red-pushpin.png","timestamp":"2024-11-14T10:30:23.000Z"}},{"type":"Feature","geometry":{"type":"Point","coordinates":[135.785706,34.693304,114.098]},"properties":{"description":"File: kansai-sm_53.jpg\\nLat: 34.693304\\nLon: 135.785706\\nAlt: 114.1m\\n--- RTK Data ---\\nProcessing Method: GPS\\nTime: 2024-11-14T14:57:35.000Z","styleUrl":"#imagePointWarning","icon-opacity":1,"icon-color":"#ff0000","icon-scale":0.8,"icon":"http://maps.google.com/mapfiles/kml/pushpin/red-pushpin.png","timestamp":"2024-11-14T14:57:35.000Z"}},{"type":"Feature","geometry":{"type":"Point","coordinates":[135.785706,34.693304,114.098]},"properties":{"description":"File: kansai-sm_126.jpg\\nLat: 34.693304\\nLon: 135.785706\\nAlt: 114.1m\\n--- RTK Data ---\\nProcessing Method: GPS\\nTime: 2024-11-14T14:58:32.000Z","styleUrl":"#imagePointWarning","icon-opacity":1,"icon-color":"#ff0000","icon-scale":0.8,"icon":"http://maps.google.com/mapfiles/kml/pushpin/red-pushpin.png","timestamp":"2024-11-14T14:58:32.000Z"}},{"type":"Feature","geometry":{"type":"Point","coordinates":[135.786526,34.691764,118.961]},"properties":{"description":"File: kansai-sm_266.jpg\\nLat: 34.691764\\nLon: 135.786526\\nAlt: 119.0m\\n--- RTK Data ---\\nProcessing Method: GPS\\nTime: 2024-11-14T15:03:07.000Z","styleUrl":"#imagePointWarning","icon-opacity":1,"icon-color":"#ff0000","icon-scale":0.8,"icon":"http://maps.google.com/mapfiles/kml/pushpin/red-pushpin.png","timestamp":"2024-11-14T15:03:07.000Z"}},{"type":"Feature","geometry":{"type":"Point","coordinates":[135.786526,34.691764,118.961]},"properties":{"description":"File: kansai-sm_267.jpg\\nLat: 34.691764\\nLon: 135.786526\\nAlt: 119.0m\\n--- RTK Data ---\\nProcessing Method: GPS\\nTime: 2024-11-14T15:03:51.000Z","styleUrl":"#imagePointWarning","icon-opacity":1,"icon-color":"#ff0000","icon-scale":0.8,"icon":"http://maps.google.com/mapfiles/kml/pushpin/red-pushpin.png","timestamp":"2024-11-14T15:03:51.000Z"}},{"type":"Feature","geometry":{"type":"Point","coordinates":[135.786526,34.691764,118]},"properties":{"description":"File: kansai-sm_128.jpg\\nLat: 34.691764\\nLon: 135.786526\\nAlt: 118.0m\\n--- RTK Data ---\\nTime: 2024-11-14T15:08:43.000Z","styleUrl":"#imagePointWarning","icon-opacity":1,"icon-color":"#ff0000","icon-scale":0.8,"icon":"http://maps.google.com/mapfiles/kml/pushpin/red-pushpin.png","timestamp":"2024-11-14T15:08:43.000Z"}},{"type":"Feature","geometry":{"type":"Point","coordinates":[135.786526,34.691764,118.961]},"properties":{"description":"File: kansai-sm_268.jpg\\nLat: 34.691764\\nLon: 135.786526\\nAlt: 119.0m\\n--- RTK Data ---\\nProcessing Method: GPS\\nTime: 2024-11-14T15:12:21.000Z","styleUrl":"#imagePointWarning","icon-opacity":1,"icon-color":"#ff0000","icon-scale":0.8,"icon":"http://maps.google.com/mapfiles/kml/pushpin/red-pushpin.png","timestamp":"2024-11-14T15:12:21.000Z"}},{"type":"Feature","geometry":{"type":"Point","coordinates":[135.786526,34.691764,118]},"properties":{"description":"File: kansai-sm_129.jpg\\nLat: 34.691764\\nLon: 135.786526\\nAlt: 118.0m\\n--- RTK Data ---\\nTime: 2024-11-14T15:13:13.000Z","styleUrl":"#imagePointWarning","icon-opacity":1,"icon-color":"#ff0000","icon-scale":0.8,"icon":"http://maps.google.com/mapfiles/kml/pushpin/red-pushpin.png","timestamp":"2024-11-14T15:13:13.000Z"}},{"type":"Feature","geometry":{"type":"Point","coordinates":[135.784513,34.681835,117]},"properties":{"description":"File: kansai-sm_130.jpg\\nLat: 34.681835\\nLon: 135.784513\\nAlt: 117.0m\\n--- RTK Data ---\\nTime: 2024-11-14T15:31:51.000Z","styleUrl":"#imagePointWarning","icon-opacity":1,"icon-color":"#ff0000","icon-scale":0.8,"icon":"http://maps.google.com/mapfiles/kml/pushpin/red-pushpin.png","timestamp":"2024-11-14T15:31:51.000Z"}},{"type":"Feature","geometry":{"type":"Point","coordinates":[135.778175,34.680638,128.129]},"properties":{"description":"File: kansai-sm_82.jpg\\nLat: 34.680638\\nLon: 135.778175\\nAlt: 128.1m\\n--- RTK Data ---\\nProcessing Method: GPS\\nTime: 2024-11-15T08:28:03.000Z","styleUrl":"#imagePointWarning","icon-opacity":1,"icon-color":"#ff0000","icon-scale":0.8,"icon":"http://maps.google.com/mapfiles/kml/pushpin/red-pushpin.png","timestamp":"2024-11-15T08:28:03.000Z"}},{"type":"Feature","geometry":{"type":"Point","coordinates":[135.783568,34.681863,112.841]},"properties":{"description":"File: kansai-sm_131.jpg\\nLat: 34.681863\\nLon: 135.783568\\nAlt: 112.8m\\n--- RTK Data ---\\nProcessing Method: GPS\\nTime: 2024-11-15T08:39:09.000Z","styleUrl":"#imagePointWarning","icon-opacity":1,"icon-color":"#ff0000","icon-scale":0.8,"icon":"http://maps.google.com/mapfiles/kml/pushpin/red-pushpin.png","timestamp":"2024-11-15T08:39:09.000Z"}},{"type":"Feature","geometry":{"type":"Point","coordinates":[135.795129,34.681951,106.202]},"properties":{"description":"File: kansai-sm_158.jpg\\nLat: 34.681951\\nLon: 135.795129\\nAlt: 106.2m\\n--- RTK Data ---\\nProcessing Method: GPS\\nTime: 2024-11-15T08:56:27.000Z","styleUrl":"#imagePointWarning","icon-opacity":1,"icon-color":"#ff0000","icon-scale":0.8,"icon":"http://maps.google.com/mapfiles/kml/pushpin/red-pushpin.png","timestamp":"2024-11-15T08:56:27.000Z"}},{"type":"Feature","geometry":{"type":"Point","coordinates":[135.803365,34.682037,110.243]},"properties":{"description":"File: kansai-sm_269.jpg\\nLat: 34.682037\\nLon: 135.803365\\nAlt: 110.2m\\n--- RTK Data ---\\nProcessing Method: GPS\\nTime: 2024-11-15T09:03:35.000Z","styleUrl":"#imagePointWarning","icon-opacity":1,"icon-color":"#ff0000","icon-scale":0.8,"icon":"http://maps.google.com/mapfiles/kml/pushpin/red-pushpin.png","timestamp":"2024-11-15T09:03:35.000Z"}},{"type":"Feature","geometry":{"type":"Point","coordinates":[135.807667,34.682032,0]},"properties":{"description":"File: kansai-sm_54.jpg\\nLat: 34.682032\\nLon: 135.807667\\n--- RTK Data ---\\nProcessing Method: GPS\\nTime: 2024-11-15T09:09:49.000Z","styleUrl":"#imagePointWarning","icon-opacity":1,"icon-color":"#ff0000","icon-scale":0.8,"icon":"http://maps.google.com/mapfiles/kml/pushpin/red-pushpin.png","timestamp":"2024-11-15T09:09:49.000Z"}},{"type":"Feature","geometry":{"type":"Point","coordinates":[135.807832,34.682955,112.07]},"properties":{"description":"File: kansai-sm_85.jpg\\nLat: 34.682955\\nLon: 135.807832\\nAlt: 112.1m\\n--- RTK Data ---\\nProcessing Method: GPS\\nTime: 2024-11-15T09:13:12.000Z","styleUrl":"#imagePointWarning","icon-opacity":1,"icon-color":"#ff0000","icon-scale":0.8,"icon":"http://maps.google.com/mapfiles/kml/pushpin/red-pushpin.png","timestamp":"2024-11-15T09:13:12.000Z"}},{"type":"Feature","geometry":{"type":"Point","coordinates":[135.807872,34.683219,115.207]},"properties":{"description":"File: kansai-sm_55.jpg\\nLat: 34.683219\\nLon: 135.807872\\nAlt: 115.2m\\n--- RTK Data ---\\nProcessing Method: GPS\\nTime: 2024-11-15T09:13:42.000Z","styleUrl":"#imagePointWarning","icon-opacity":1,"icon-color":"#ff0000","icon-scale":0.8,"icon":"http://maps.google.com/mapfiles/kml/pushpin/red-pushpin.png","timestamp":"2024-11-15T09:13:42.000Z"}},{"type":"Feature","geometry":{"type":"Point","coordinates":[135.812516,34.68428,120.152]},"properties":{"description":"File: kansai-sm_227.jpg\\nLat: 34.684280\\nLon: 135.812516\\nAlt: 120.2m\\n--- RTK Data ---\\nProcessing Method: GPS\\nTime: 2024-11-15T09:20:59.000Z","styleUrl":"#imagePointWarning","icon-opacity":1,"icon-color":"#ff0000","icon-scale":0.8,"icon":"http://maps.google.com/mapfiles/kml/pushpin/red-pushpin.png","timestamp":"2024-11-15T09:20:59.000Z"}},{"type":"Feature","geometry":{"type":"Point","coordinates":[135.818521,34.682041,116.725]},"properties":{"description":"File: kansai-sm_190.jpg\\nLat: 34.682041\\nLon: 135.818521\\nAlt: 116.7m\\n--- RTK Data ---\\nProcessing Method: GPS\\nTime: 2024-11-15T10:19:35.000Z","styleUrl":"#imagePointWarning","icon-opacity":1,"icon-color":"#ff0000","icon-scale":0.8,"icon":"http://maps.google.com/mapfiles/kml/pushpin/red-pushpin.png","timestamp":"2024-11-15T10:19:35.000Z"}},{"type":"Feature","geometry":{"type":"Point","coordinates":[135.819423,34.682124,107]},"properties":{"description":"File: kansai-sm_171.jpg\\nLat: 34.682124\\nLon: 135.819423\\nAlt: 107.0m\\n--- RTK Data ---\\nTime: 2024-11-15T10:21:17.000Z","styleUrl":"#imagePointWarning","icon-opacity":1,"icon-color":"#ff0000","icon-scale":0.8,"icon":"http://maps.google.com/mapfiles/kml/pushpin/red-pushpin.png","timestamp":"2024-11-15T10:21:17.000Z"}},{"type":"Feature","geometry":{"type":"Point","coordinates":[135.8285,34.680923,143]},"properties":{"description":"File: kansai-sm_120.jpg\\nLat: 34.680923\\nLon: 135.828500\\nAlt: 143.0m\\n--- RTK Data ---\\nTime: 2024-11-15T10:43:03.000Z","styleUrl":"#imagePointWarning","icon-opacity":1,"icon-color":"#ff0000","icon-scale":0.8,"icon":"http://maps.google.com/mapfiles/kml/pushpin/red-pushpin.png","timestamp":"2024-11-15T10:43:03.000Z"}},{"type":"Feature","geometry":{"type":"Point","coordinates":[135.828837,34.684214,130]},"properties":{"description":"File: kansai-sm_105.jpg\\nLat: 34.684214\\nLon: 135.828837\\nAlt: 130.0m\\n--- RTK Data ---\\nTime: 2024-11-15T11:31:19.000Z","styleUrl":"#imagePointWarning","icon-opacity":1,"icon-color":"#ff0000","icon-scale":0.8,"icon":"http://maps.google.com/mapfiles/kml/pushpin/red-pushpin.png","timestamp":"2024-11-15T11:31:19.000Z"}},{"type":"Feature","geometry":{"type":"Point","coordinates":[135.78348,34.693307,119]},"properties":{"description":"File: kansai-sm_243.jpg\\nLat: 34.693307\\nLon: 135.783480\\nAlt: 119.0m\\n--- RTK Data ---\\nTime: 2024-11-15T14:44:49.000Z","styleUrl":"#imagePointWarning","icon-opacity":1,"icon-color":"#ff0000","icon-scale":0.8,"icon":"http://maps.google.com/mapfiles/kml/pushpin/red-pushpin.png","timestamp":"2024-11-15T14:44:49.000Z"}},{"type":"Feature","geometry":{"type":"Point","coordinates":[135.78348,34.693307,119]},"properties":{"description":"File: kansai-sm_132.jpg\\nLat: 34.693307\\nLon: 135.783480\\nAlt: 119.0m\\n--- RTK Data ---\\nTime: 2024-11-15T14:45:18.000Z","styleUrl":"#imagePointWarning","icon-opacity":1,"icon-color":"#ff0000","icon-scale":0.8,"icon":"http://maps.google.com/mapfiles/kml/pushpin/red-pushpin.png","timestamp":"2024-11-15T14:45:18.000Z"}},{"type":"Feature","geometry":{"type":"Point","coordinates":[135.783693,34.68089,0]},"properties":{"description":"File: kansai-sm_270.jpg\\nLat: 34.680890\\nLon: 135.783693\\n--- RTK Data ---\\nProcessing Method: GPS\\nTime: 2024-11-15T14:51:38.000Z","styleUrl":"#imagePointWarning","icon-opacity":1,"icon-color":"#ff0000","icon-scale":0.8,"icon":"http://maps.google.com/mapfiles/kml/pushpin/red-pushpin.png","timestamp":"2024-11-15T14:51:38.000Z"}},{"type":"Feature","geometry":{"type":"Point","coordinates":[135.781195,34.681979,127.372]},"properties":{"description":"File: kansai-sm_56.jpg\\nLat: 34.681979\\nLon: 135.781195\\nAlt: 127.4m\\n--- RTK Data ---\\nProcessing Method: GPS\\nTime: 2024-11-15T14:56:21.000Z","styleUrl":"#imagePointWarning","icon-opacity":1,"icon-color":"#ff0000","icon-scale":0.8,"icon":"http://maps.google.com/mapfiles/kml/pushpin/red-pushpin.png","timestamp":"2024-11-15T14:56:21.000Z"}},{"type":"Feature","geometry":{"type":"Point","coordinates":[135.781195,34.681979,127]},"properties":{"description":"File: kansai-sm_133.jpg\\nLat: 34.681979\\nLon: 135.781195\\nAlt: 127.0m\\n--- RTK Data ---\\nTime: 2024-11-15T15:26:00.000Z","styleUrl":"#imagePointWarning","icon-opacity":1,"icon-color":"#ff0000","icon-scale":0.8,"icon":"http://maps.google.com/mapfiles/kml/pushpin/red-pushpin.png","timestamp":"2024-11-15T15:26:00.000Z"}},{"type":"Feature","geometry":{"type":"Point","coordinates":[135.783033,34.681808,122.246]},"properties":{"description":"File: kansai-sm_134.jpg\\nLat: 34.681808\\nLon: 135.783033\\nAlt: 122.2m\\n--- RTK Data ---\\nProcessing Method: GPS\\nTime: 2024-11-16T11:37:12.000Z","styleUrl":"#imagePointWarning","icon-opacity":1,"icon-color":"#ff0000","icon-scale":0.8,"icon":"http://maps.google.com/mapfiles/kml/pushpin/red-pushpin.png","timestamp":"2024-11-16T11:37:12.000Z"}},{"type":"Feature","geometry":{"type":"Point","coordinates":[135.804517,34.682722,110]},"properties":{"description":"File: kansai-sm_135.jpg\\nLat: 34.682722\\nLon: 135.804517\\nAlt: 110.0m\\n--- RTK Data ---\\nTime: 2024-11-16T16:40:33.000Z","styleUrl":"#imagePointWarning","icon-opacity":1,"icon-color":"#ff0000","icon-scale":0.8,"icon":"http://maps.google.com/mapfiles/kml/pushpin/red-pushpin.png","timestamp":"2024-11-16T16:40:33.000Z"}},{"type":"Feature","geometry":{"type":"Point","coordinates":[135.786482,34.681996,105]},"properties":{"description":"File: kansai-sm_228.jpg\\nLat: 34.681996\\nLon: 135.786482\\nAlt: 105.0m\\n--- RTK Data ---\\nTime: 2024-11-16T17:13:00.000Z","styleUrl":"#imagePointWarning","icon-opacity":1,"icon-color":"#ff0000","icon-scale":0.8,"icon":"http://maps.google.com/mapfiles/kml/pushpin/red-pushpin.png","timestamp":"2024-11-16T17:13:00.000Z"}},{"type":"Feature","geometry":{"type":"Point","coordinates":[135.776341,34.680824,186]},"properties":{"description":"File: kansai-sm_229.jpg\\nLat: 34.680824\\nLon: 135.776341\\nAlt: 186.0m\\n--- RTK Data ---\\nTime: 2024-11-19T04:56:54.000Z","styleUrl":"#imagePointWarning","icon-opacity":1,"icon-color":"#ff0000","icon-scale":0.8,"icon":"http://maps.google.com/mapfiles/kml/pushpin/red-pushpin.png","timestamp":"2024-11-19T04:56:54.000Z"}},{"type":"Feature","geometry":{"type":"Point","coordinates":[135.776682,34.680593,131]},"properties":{"description":"File: kansai-sm_271.jpg\\nLat: 34.680593\\nLon: 135.776682\\nAlt: 131.0m\\n--- RTK Data ---\\nTime: 2024-11-19T04:57:36.000Z","styleUrl":"#imagePointWarning","icon-opacity":1,"icon-color":"#ff0000","icon-scale":0.8,"icon":"http://maps.google.com/mapfiles/kml/pushpin/red-pushpin.png","timestamp":"2024-11-19T04:57:36.000Z"}},{"type":"Feature","geometry":{"type":"Point","coordinates":[135.827542,34.676417,127.367]},"properties":{"description":"File: kansai-sm_272.jpg\\nLat: 34.676417\\nLon: 135.827542\\nAlt: 127.4m\\n--- RTK Data ---\\nProcessing Method: GPS\\nTime: 2024-11-19T10:39:49.000Z","styleUrl":"#imagePointWarning","icon-opacity":1,"icon-color":"#ff0000","icon-scale":0.8,"icon":"http://maps.google.com/mapfiles/kml/pushpin/red-pushpin.png","timestamp":"2024-11-19T10:39:49.000Z"}},{"type":"Feature","geometry":{"type":"Point","coordinates":[135.828942,34.674989,134.985]},"properties":{"description":"File: kansai-sm_106.jpg\\nLat: 34.674989\\nLon: 135.828942\\nAlt: 135.0m\\n--- RTK Data ---\\nProcessing Method: GPS\\nTime: 2024-11-19T10:52:24.000Z","styleUrl":"#imagePointWarning","icon-opacity":1,"icon-color":"#ff0000","icon-scale":0.8,"icon":"http://maps.google.com/mapfiles/kml/pushpin/red-pushpin.png","timestamp":"2024-11-19T10:52:24.000Z"}},{"type":"Feature","geometry":{"type":"Point","coordinates":[135.829039,34.678932,132]},"properties":{"description":"File: kansai-sm_107.jpg\\nLat: 34.678932\\nLon: 135.829039\\nAlt: 132.0m\\n--- RTK Data ---\\nTime: 2024-11-19T10:56:29.000Z","styleUrl":"#imagePointWarning","icon-opacity":1,"icon-color":"#ff0000","icon-scale":0.8,"icon":"http://maps.google.com/mapfiles/kml/pushpin/red-pushpin.png","timestamp":"2024-11-19T10:56:29.000Z"}},{"type":"Feature","geometry":{"type":"Point","coordinates":[135.829096,34.679735,155]},"properties":{"description":"File: kansai-sm_121.jpg\\nLat: 34.679735\\nLon: 135.829096\\nAlt: 155.0m\\n--- RTK Data ---\\nTime: 2024-11-19T10:59:59.000Z","styleUrl":"#imagePointWarning","icon-opacity":1,"icon-color":"#ff0000","icon-scale":0.8,"icon":"http://maps.google.com/mapfiles/kml/pushpin/red-pushpin.png","timestamp":"2024-11-19T10:59:59.000Z"}},{"type":"Feature","geometry":{"type":"Point","coordinates":[135.832611,34.682048,136]},"properties":{"description":"File: kansai-sm_230.jpg\\nLat: 34.682048\\nLon: 135.832611\\nAlt: 136.0m\\n--- RTK Data ---\\nTime: 2024-11-19T15:07:28.000Z","styleUrl":"#imagePointWarning","icon-opacity":1,"icon-color":"#ff0000","icon-scale":0.8,"icon":"http://maps.google.com/mapfiles/kml/pushpin/red-pushpin.png","timestamp":"2024-11-19T15:07:28.000Z"}},{"type":"Feature","geometry":{"type":"Point","coordinates":[135.808154,34.681853,0]},"properties":{"description":"File: kansai-sm_136.jpg\\nLat: 34.681853\\nLon: 135.808154\\n--- RTK Data ---\\nTime: 2024-11-19T15:18:46.000Z","styleUrl":"#imagePointWarning","icon-opacity":1,"icon-color":"#ff0000","icon-scale":0.8,"icon":"http://maps.google.com/mapfiles/kml/pushpin/red-pushpin.png","timestamp":"2024-11-19T15:18:46.000Z"}},{"type":"Feature","geometry":{"type":"Point","coordinates":[135.777199,34.679183,126]},"properties":{"description":"File: kansai-sm_137.jpg\\nLat: 34.679183\\nLon: 135.777199\\nAlt: 126.0m\\n--- RTK Data ---\\nTime: 2024-11-20T14:43:57.000Z","styleUrl":"#imagePointWarning","icon-opacity":1,"icon-color":"#ff0000","icon-scale":0.8,"icon":"http://maps.google.com/mapfiles/kml/pushpin/red-pushpin.png","timestamp":"2024-11-20T14:43:57.000Z"}},{"type":"Feature","geometry":{"type":"Point","coordinates":[135.797101,34.678242,123.188]},"properties":{"description":"File: kansai-sm_159.jpg\\nLat: 34.678242\\nLon: 135.797101\\nAlt: 123.2m\\n--- RTK Data ---\\nProcessing Method: GPS\\nTime: 2024-11-21T13:20:15.000Z","styleUrl":"#imagePointWarning","icon-opacity":1,"icon-color":"#ff0000","icon-scale":0.8,"icon":"http://maps.google.com/mapfiles/kml/pushpin/red-pushpin.png","timestamp":"2024-11-21T13:20:15.000Z"}},{"type":"Feature","geometry":{"type":"Point","coordinates":[135.797101,34.678242,123]},"properties":{"description":"File: kansai-sm_273.jpg\\nLat: 34.678242\\nLon: 135.797101\\nAlt: 123.0m\\n--- RTK Data ---\\nTime: 2024-11-21T13:21:16.000Z","styleUrl":"#imagePointWarning","icon-opacity":1,"icon-color":"#ff0000","icon-scale":0.8,"icon":"http://maps.google.com/mapfiles/kml/pushpin/red-pushpin.png","timestamp":"2024-11-21T13:21:16.000Z"}},{"type":"Feature","geometry":{"type":"Point","coordinates":[135.798414,34.678304,110.182]},"properties":{"description":"File: kansai-sm_127.jpg\\nLat: 34.678304\\nLon: 135.798414\\nAlt: 110.2m\\n--- RTK Data ---\\nProcessing Method: GPS\\nTime: 2024-11-21T13:26:21.000Z","styleUrl":"#imagePointWarning","icon-opacity":1,"icon-color":"#ff0000","icon-scale":0.8,"icon":"http://maps.google.com/mapfiles/kml/pushpin/red-pushpin.png","timestamp":"2024-11-21T13:26:21.000Z"}},{"type":"Feature","geometry":{"type":"Point","coordinates":[135.779622,34.680566,0]},"properties":{"description":"File: kansai-sm_274.jpg\\nLat: 34.680566\\nLon: 135.779622\\n--- RTK Data ---\\nProcessing Method: GPS\\nTime: 2024-11-22T07:47:34.000Z","styleUrl":"#imagePointWarning","icon-opacity":1,"icon-color":"#ff0000","icon-scale":0.8,"icon":"http://maps.google.com/mapfiles/kml/pushpin/red-pushpin.png","timestamp":"2024-11-22T07:47:34.000Z"}},{"type":"Feature","geometry":{"type":"Point","coordinates":[135.69833,34.693098,0]},"properties":{"description":"File: kansai-sm_275.jpg\\nLat: 34.693098\\nLon: 135.698330\\n--- RTK Data ---\\nTime: 2024-11-22T08:25:03.000Z","styleUrl":"#imagePointWarning","icon-opacity":1,"icon-color":"#ff0000","icon-scale":0.8,"icon":"http://maps.google.com/mapfiles/kml/pushpin/red-pushpin.png","timestamp":"2024-11-22T08:25:03.000Z"}},{"type":"Feature","geometry":{"type":"Point","coordinates":[135.654741,34.683961,161.506]},"properties":{"description":"File: kansai-sm_59.jpg\\nLat: 34.683961\\nLon: 135.654741\\nAlt: 161.5m\\n--- RTK Data ---\\nProcessing Method: GPS\\nTime: 2024-11-22T08:50:21.000Z","styleUrl":"#imagePointWarning","icon-opacity":1,"icon-color":"#ff0000","icon-scale":0.8,"icon":"http://maps.google.com/mapfiles/kml/pushpin/red-pushpin.png","timestamp":"2024-11-22T08:50:21.000Z"}},{"type":"Feature","geometry":{"type":"Point","coordinates":[135.653568,34.683946,0]},"properties":{"description":"File: kansai-sm_276.jpg\\nLat: 34.683946\\nLon: 135.653568\\n--- RTK Data ---\\nProcessing Method: GPS\\nTime: 2024-11-22T08:56:02.000Z","styleUrl":"#imagePointWarning","icon-opacity":1,"icon-color":"#ff0000","icon-scale":0.8,"icon":"http://maps.google.com/mapfiles/kml/pushpin/red-pushpin.png","timestamp":"2024-11-22T08:56:02.000Z"}},{"type":"Feature","geometry":{"type":"Point","coordinates":[135.652026,34.685277,134.633]},"properties":{"description":"File: kansai-sm_60.jpg\\nLat: 34.685277\\nLon: 135.652026\\nAlt: 134.6m\\n--- RTK Data ---\\nProcessing Method: GPS\\nTime: 2024-11-22T09:01:14.000Z","styleUrl":"#imagePointWarning","icon-opacity":1,"icon-color":"#ff0000","icon-scale":0.8,"icon":"http://maps.google.com/mapfiles/kml/pushpin/red-pushpin.png","timestamp":"2024-11-22T09:01:14.000Z"}},{"type":"Feature","geometry":{"type":"Point","coordinates":[135.655501,34.685075,0]},"properties":{"description":"File: kansai-sm_138.jpg\\nLat: 34.685075\\nLon: 135.655501\\n--- RTK Data ---\\nTime: 2024-11-22T09:14:54.000Z","styleUrl":"#imagePointWarning","icon-opacity":1,"icon-color":"#ff0000","icon-scale":0.8,"icon":"http://maps.google.com/mapfiles/kml/pushpin/red-pushpin.png","timestamp":"2024-11-22T09:14:54.000Z"}},{"type":"Feature","geometry":{"type":"Point","coordinates":[135.531544,34.665158,63.547]},"properties":{"description":"File: kansai-sm_61.jpg\\nLat: 34.665158\\nLon: 135.531544\\nAlt: 63.5m\\n--- RTK Data ---\\nProcessing Method: GPS\\nTime: 2024-11-22T09:48:27.000Z","styleUrl":"#imagePointWarning","icon-opacity":1,"icon-color":"#ff0000","icon-scale":0.8,"icon":"http://maps.google.com/mapfiles/kml/pushpin/red-pushpin.png","timestamp":"2024-11-22T09:48:27.000Z"}},{"type":"Feature","geometry":{"type":"Point","coordinates":[135.531366,34.665309,0]},"properties":{"description":"File: kansai-sm_231.jpg\\nLat: 34.665309\\nLon: 135.531366\\n--- RTK Data ---\\nTime: 2024-11-22T09:50:24.000Z","styleUrl":"#imagePointWarning","icon-opacity":1,"icon-color":"#ff0000","icon-scale":0.8,"icon":"http://maps.google.com/mapfiles/kml/pushpin/red-pushpin.png","timestamp":"2024-11-22T09:50:24.000Z"}},{"type":"Feature","geometry":{"type":"Point","coordinates":[135.509961,34.648638,63]},"properties":{"description":"File: kansai-sm_185.jpg\\nLat: 34.648638\\nLon: 135.509961\\nAlt: 63.0m\\n--- RTK Data ---\\nTime: 2024-11-22T13:01:55.000Z","styleUrl":"#imagePointWarning","icon-opacity":1,"icon-color":"#ff0000","icon-scale":0.8,"icon":"http://maps.google.com/mapfiles/kml/pushpin/red-pushpin.png","timestamp":"2024-11-22T13:01:55.000Z"}},{"type":"Feature","geometry":{"type":"Point","coordinates":[135.505935,34.649287,23]},"properties":{"description":"File: kansai-sm_108.jpg\\nLat: 34.649287\\nLon: 135.505935\\nAlt: 23.0m\\n--- RTK Data ---\\nTime: 2024-11-22T13:03:55.000Z","styleUrl":"#imagePointWarning","icon-opacity":1,"icon-color":"#ff0000","icon-scale":0.8,"icon":"http://maps.google.com/mapfiles/kml/pushpin/red-pushpin.png","timestamp":"2024-11-22T13:03:55.000Z"}},{"type":"Feature","geometry":{"type":"Point","coordinates":[135.506446,34.650979,61.795]},"properties":{"description":"File: kansai-sm_277.jpg\\nLat: 34.650979\\nLon: 135.506446\\nAlt: 61.8m\\n--- RTK Data ---\\nProcessing Method: GPS\\nTime: 2024-11-22T13:09:46.000Z","styleUrl":"#imagePointWarning","icon-opacity":1,"icon-color":"#ff0000","icon-scale":0.8,"icon":"http://maps.google.com/mapfiles/kml/pushpin/red-pushpin.png","timestamp":"2024-11-22T13:09:46.000Z"}},{"type":"Feature","geometry":{"type":"Point","coordinates":[135.506407,34.65097,57]},"properties":{"description":"File: kansai-sm_109.jpg\\nLat: 34.650970\\nLon: 135.506407\\nAlt: 57.0m\\n--- RTK Data ---\\nTime: 2024-11-22T13:10:00.000Z","styleUrl":"#imagePointWarning","icon-opacity":1,"icon-color":"#ff0000","icon-scale":0.8,"icon":"http://maps.google.com/mapfiles/kml/pushpin/red-pushpin.png","timestamp":"2024-11-22T13:10:00.000Z"}},{"type":"Feature","geometry":{"type":"Point","coordinates":[135.505694,34.650864,73.883]},"properties":{"description":"File: kansai-sm_115.jpg\\nLat: 34.650864\\nLon: 135.505694\\nAlt: 73.9m\\n--- RTK Data ---\\nProcessing Method: GPS\\nTime: 2024-11-22T13:11:45.000Z","styleUrl":"#imagePointWarning","icon-opacity":1,"icon-color":"#ff0000","icon-scale":0.8,"icon":"http://maps.google.com/mapfiles/kml/pushpin/red-pushpin.png","timestamp":"2024-11-22T13:11:45.000Z"}},{"type":"Feature","geometry":{"type":"Point","coordinates":[135.505375,34.649902,91]},"properties":{"description":"File: kansai-sm_29.jpg\\nLat: 34.649902\\nLon: 135.505375\\nAlt: 91.0m\\n--- RTK Data ---\\nTime: 2024-11-22T13:15:04.000Z","styleUrl":"#imagePointWarning","icon-opacity":1,"icon-color":"#ff0000","icon-scale":0.8,"icon":"http://maps.google.com/mapfiles/kml/pushpin/red-pushpin.png","timestamp":"2024-11-22T13:15:04.000Z"}},{"type":"Feature","geometry":{"type":"Point","coordinates":[135.505485,34.649998,49.61]},"properties":{"description":"File: kansai-sm_123.jpg\\nLat: 34.649998\\nLon: 135.505485\\nAlt: 49.6m\\n--- RTK Data ---\\nProcessing Method: GPS\\nTime: 2024-11-22T13:18:53.000Z","styleUrl":"#imagePointWarning","icon-opacity":1,"icon-color":"#ff0000","icon-scale":0.8,"icon":"http://maps.google.com/mapfiles/kml/pushpin/red-pushpin.png","timestamp":"2024-11-22T13:18:53.000Z"}},{"type":"Feature","geometry":{"type":"Point","coordinates":[135.505813,34.653801,64]},"properties":{"description":"File: kansai-sm_110.jpg\\nLat: 34.653801\\nLon: 135.505813\\nAlt: 64.0m\\n--- RTK Data ---\\nTime: 2024-11-22T13:29:13.000Z","styleUrl":"#imagePointWarning","icon-opacity":1,"icon-color":"#ff0000","icon-scale":0.8,"icon":"http://maps.google.com/mapfiles/kml/pushpin/red-pushpin.png","timestamp":"2024-11-22T13:29:13.000Z"}},{"type":"Feature","geometry":{"type":"Point","coordinates":[135.506155,34.644335,65]},"properties":{"description":"File: kansai-sm_111.jpg\\nLat: 34.644335\\nLon: 135.506155\\nAlt: 65.0m\\n--- RTK Data ---\\nTime: 2024-11-22T17:19:05.000Z","styleUrl":"#imagePointWarning","icon-opacity":1,"icon-color":"#ff0000","icon-scale":0.8,"icon":"http://maps.google.com/mapfiles/kml/pushpin/red-pushpin.png","timestamp":"2024-11-22T17:19:05.000Z"}},{"type":"Feature","geometry":{"type":"Point","coordinates":[135.504614,34.644854,0]},"properties":{"description":"File: kansai-sm_112.jpg\\nLat: 34.644854\\nLon: 135.504614\\n--- RTK Data ---\\nTime: 2024-11-22T17:22:21.000Z","styleUrl":"#imagePointWarning","icon-opacity":1,"icon-color":"#ff0000","icon-scale":0.8,"icon":"http://maps.google.com/mapfiles/kml/pushpin/red-pushpin.png","timestamp":"2024-11-22T17:22:21.000Z"}},{"type":"Feature","geometry":{"type":"Point","coordinates":[135.503942,34.645442,49]},"properties":{"description":"File: kansai-sm_232.jpg\\nLat: 34.645442\\nLon: 135.503942\\nAlt: 49.0m\\n--- RTK Data ---\\nTime: 2024-11-22T17:24:00.000Z","styleUrl":"#imagePointWarning","icon-opacity":1,"icon-color":"#ff0000","icon-scale":0.8,"icon":"http://maps.google.com/mapfiles/kml/pushpin/red-pushpin.png","timestamp":"2024-11-22T17:24:00.000Z"}},{"type":"Feature","geometry":{"type":"Point","coordinates":[135.504559,34.646395,45]},"properties":{"description":"File: kansai-sm_113.jpg\\nLat: 34.646395\\nLon: 135.504559\\nAlt: 45.0m\\n--- RTK Data ---\\nTime: 2024-11-22T17:25:29.000Z","styleUrl":"#imagePointWarning","icon-opacity":1,"icon-color":"#ff0000","icon-scale":0.8,"icon":"http://maps.google.com/mapfiles/kml/pushpin/red-pushpin.png","timestamp":"2024-11-22T17:25:29.000Z"}},{"type":"Feature","geometry":{"type":"Point","coordinates":[135.505968,34.649271,52]},"properties":{"description":"File: kansai-sm_114.jpg\\nLat: 34.649271\\nLon: 135.505968\\nAlt: 52.0m\\n--- RTK Data ---\\nTime: 2024-11-22T17:31:06.000Z","styleUrl":"#imagePointWarning","icon-opacity":1,"icon-color":"#ff0000","icon-scale":0.8,"icon":"http://maps.google.com/mapfiles/kml/pushpin/red-pushpin.png","timestamp":"2024-11-22T17:31:06.000Z"}},{"type":"Feature","geometry":{"type":"Point","coordinates":[135.5056,34.651069,0]},"properties":{"description":"File: kansai-sm_215.jpg\\nLat: 34.651069\\nLon: 135.505600\\n--- RTK Data ---\\nTime: 2024-11-22T17:35:07.000Z","styleUrl":"#imagePointWarning","icon-opacity":1,"icon-color":"#ff0000","icon-scale":0.8,"icon":"http://maps.google.com/mapfiles/kml/pushpin/red-pushpin.png","timestamp":"2024-11-22T17:35:07.000Z"}},{"type":"Feature","geometry":{"type":"Point","coordinates":[135.776902,34.683128,131.457]},"properties":{"description":"File: kansai-sm_62.jpg\\nLat: 34.683128\\nLon: 135.776902\\nAlt: 131.5m\\n--- RTK Data ---\\nProcessing Method: GPS\\nTime: 2024-11-24T09:15:37.000Z","styleUrl":"#imagePointWarning","icon-opacity":1,"icon-color":"#ff0000","icon-scale":0.8,"icon":"http://maps.google.com/mapfiles/kml/pushpin/red-pushpin.png","timestamp":"2024-11-24T09:15:37.000Z"}},{"type":"Feature","geometry":{"type":"Point","coordinates":[135.777101,34.683184,0]},"properties":{"description":"File: kansai-sm_233.jpg\\nLat: 34.683184\\nLon: 135.777101\\n--- RTK Data ---\\nProcessing Method: GPS\\nTime: 2024-11-24T09:16:18.000Z","styleUrl":"#imagePointWarning","icon-opacity":1,"icon-color":"#ff0000","icon-scale":0.8,"icon":"http://maps.google.com/mapfiles/kml/pushpin/red-pushpin.png","timestamp":"2024-11-24T09:16:18.000Z"}},{"type":"Feature","geometry":{"type":"Point","coordinates":[135.777218,34.683165,121.888]},"properties":{"description":"File: kansai-sm_149.jpg\\nLat: 34.683165\\nLon: 135.777218\\nAlt: 121.9m\\n--- RTK Data ---\\nProcessing Method: GPS\\nTime: 2024-11-24T09:16:44.000Z","styleUrl":"#imagePointWarning","icon-opacity":1,"icon-color":"#ff0000","icon-scale":0.8,"icon":"http://maps.google.com/mapfiles/kml/pushpin/red-pushpin.png","timestamp":"2024-11-24T09:16:44.000Z"}},{"type":"Feature","geometry":{"type":"Point","coordinates":[135.778193,34.680477,131.145]},"properties":{"description":"File: kansai-sm_278.jpg\\nLat: 34.680477\\nLon: 135.778193\\nAlt: 131.1m\\n--- RTK Data ---\\nProcessing Method: GPS\\nTime: 2024-11-25T08:24:19.000Z","styleUrl":"#imagePointWarning","icon-opacity":1,"icon-color":"#ff0000","icon-scale":0.8,"icon":"http://maps.google.com/mapfiles/kml/pushpin/red-pushpin.png","timestamp":"2024-11-25T08:24:19.000Z"}},{"type":"Feature","geometry":{"type":"Point","coordinates":[135.752602,34.979735,81]},"properties":{"description":"File: kansai-sm_30.jpg\\nLat: 34.979735\\nLon: 135.752602\\nAlt: 81.0m\\n--- RTK Data ---\\nTime: 2024-11-25T09:45:46.000Z","styleUrl":"#imagePointWarning","icon-opacity":1,"icon-color":"#ff0000","icon-scale":0.8,"icon":"http://maps.google.com/mapfiles/kml/pushpin/red-pushpin.png","timestamp":"2024-11-25T09:45:46.000Z"}},{"type":"Feature","geometry":{"type":"Point","coordinates":[135.758985,34.98622,209]},"properties":{"description":"File: kansai-sm_31.jpg\\nLat: 34.986220\\nLon: 135.758985\\nAlt: 209.0m\\n--- RTK Data ---\\nTime: 2024-11-25T09:49:30.000Z","styleUrl":"#imagePointWarning","icon-opacity":1,"icon-color":"#ff0000","icon-scale":0.8,"icon":"http://maps.google.com/mapfiles/kml/pushpin/red-pushpin.png","timestamp":"2024-11-25T09:49:30.000Z"}},{"type":"Feature","geometry":{"type":"Point","coordinates":[135.758985,34.98622,209]},"properties":{"description":"File: kansai-sm_32.jpg\\nLat: 34.986220\\nLon: 135.758985\\nAlt: 209.0m\\n--- RTK Data ---\\nTime: 2024-11-25T09:50:28.000Z","styleUrl":"#imagePointWarning","icon-opacity":1,"icon-color":"#ff0000","icon-scale":0.8,"icon":"http://maps.google.com/mapfiles/kml/pushpin/red-pushpin.png","timestamp":"2024-11-25T09:50:28.000Z"}},{"type":"Feature","geometry":{"type":"Point","coordinates":[135.758985,34.98622,209]},"properties":{"description":"File: kansai-sm_33.jpg\\nLat: 34.986220\\nLon: 135.758985\\nAlt: 209.0m\\n--- RTK Data ---\\nTime: 2024-11-25T09:50:53.000Z","styleUrl":"#imagePointWarning","icon-opacity":1,"icon-color":"#ff0000","icon-scale":0.8,"icon":"http://maps.google.com/mapfiles/kml/pushpin/red-pushpin.png","timestamp":"2024-11-25T09:50:53.000Z"}},{"type":"Feature","geometry":{"type":"Point","coordinates":[135.757188,34.985971,129]},"properties":{"description":"File: kansai-sm_34.jpg\\nLat: 34.985971\\nLon: 135.757188\\nAlt: 129.0m\\n--- RTK Data ---\\nTime: 2024-11-25T09:57:58.000Z","styleUrl":"#imagePointWarning","icon-opacity":1,"icon-color":"#ff0000","icon-scale":0.8,"icon":"http://maps.google.com/mapfiles/kml/pushpin/red-pushpin.png","timestamp":"2024-11-25T09:57:58.000Z"}},{"type":"Feature","geometry":{"type":"Point","coordinates":[135.759402,34.985641,67]},"properties":{"description":"File: kansai-sm_35.jpg\\nLat: 34.985641\\nLon: 135.759402\\nAlt: 67.0m\\n--- RTK Data ---\\nTime: 2024-11-25T10:20:09.000Z","styleUrl":"#imagePointWarning","icon-opacity":1,"icon-color":"#ff0000","icon-scale":0.8,"icon":"http://maps.google.com/mapfiles/kml/pushpin/red-pushpin.png","timestamp":"2024-11-25T10:20:09.000Z"}},{"type":"Feature","geometry":{"type":"Point","coordinates":[135.759402,34.985641,67]},"properties":{"description":"File: kansai-sm_244.jpg\\nLat: 34.985641\\nLon: 135.759402\\nAlt: 67.0m\\n--- RTK Data ---\\nTime: 2024-11-25T10:20:31.000Z","styleUrl":"#imagePointWarning","icon-opacity":1,"icon-color":"#ff0000","icon-scale":0.8,"icon":"http://maps.google.com/mapfiles/kml/pushpin/red-pushpin.png","timestamp":"2024-11-25T10:20:31.000Z"}},{"type":"Feature","geometry":{"type":"Point","coordinates":[135.759402,34.985641,67]},"properties":{"description":"File: kansai-sm_36.jpg\\nLat: 34.985641\\nLon: 135.759402\\nAlt: 67.0m\\n--- RTK Data ---\\nTime: 2024-11-25T10:21:08.000Z","styleUrl":"#imagePointWarning","icon-opacity":1,"icon-color":"#ff0000","icon-scale":0.8,"icon":"http://maps.google.com/mapfiles/kml/pushpin/red-pushpin.png","timestamp":"2024-11-25T10:21:08.000Z"}},{"type":"Feature","geometry":{"type":"Point","coordinates":[135.759402,34.985641,67]},"properties":{"description":"File: kansai-sm_37.jpg\\nLat: 34.985641\\nLon: 135.759402\\nAlt: 67.0m\\n--- RTK Data ---\\nTime: 2024-11-25T10:21:29.000Z","styleUrl":"#imagePointWarning","icon-opacity":1,"icon-color":"#ff0000","icon-scale":0.8,"icon":"http://maps.google.com/mapfiles/kml/pushpin/red-pushpin.png","timestamp":"2024-11-25T10:21:29.000Z"}},{"type":"Feature","geometry":{"type":"Point","coordinates":[135.759403,34.985641,67.167]},"properties":{"description":"File: kansai-sm_279.jpg\\nLat: 34.985641\\nLon: 135.759403\\nAlt: 67.2m\\n--- RTK Data ---\\nProcessing Method: GPS\\nTime: 2024-11-25T10:25:01.000Z","styleUrl":"#imagePointWarning","icon-opacity":1,"icon-color":"#ff0000","icon-scale":0.8,"icon":"http://maps.google.com/mapfiles/kml/pushpin/red-pushpin.png","timestamp":"2024-11-25T10:25:01.000Z"}},{"type":"Feature","geometry":{"type":"Point","coordinates":[135.759403,34.985641,67.167]},"properties":{"description":"File: kansai-sm_38.jpg\\nLat: 34.985641\\nLon: 135.759403\\nAlt: 67.2m\\n--- RTK Data ---\\nProcessing Method: GPS\\nTime: 2024-11-25T10:25:01.000Z","styleUrl":"#imagePointWarning","icon-opacity":1,"icon-color":"#ff0000","icon-scale":0.8,"icon":"http://maps.google.com/mapfiles/kml/pushpin/red-pushpin.png","timestamp":"2024-11-25T10:25:01.000Z"}},{"type":"Feature","geometry":{"type":"Point","coordinates":[135.764364,34.988768,82]},"properties":{"description":"File: kansai-sm_245.jpg\\nLat: 34.988768\\nLon: 135.764364\\nAlt: 82.0m\\n--- RTK Data ---\\nTime: 2024-11-25T11:52:51.000Z","styleUrl":"#imagePointWarning","icon-opacity":1,"icon-color":"#ff0000","icon-scale":0.8,"icon":"http://maps.google.com/mapfiles/kml/pushpin/red-pushpin.png","timestamp":"2024-11-25T11:52:51.000Z"}},{"type":"Feature","geometry":{"type":"Point","coordinates":[135.767985,34.994327,41.137]},"properties":{"description":"File: kansai-sm_63.jpg\\nLat: 34.994327\\nLon: 135.767985\\nAlt: 41.1m\\n--- RTK Data ---\\nProcessing Method: GPS\\nTime: 2024-11-25T12:14:18.000Z","styleUrl":"#imagePointWarning","icon-opacity":1,"icon-color":"#ff0000","icon-scale":0.8,"icon":"http://maps.google.com/mapfiles/kml/pushpin/red-pushpin.png","timestamp":"2024-11-25T12:14:18.000Z"}},{"type":"Feature","geometry":{"type":"Point","coordinates":[135.769279,35.001359,80]},"properties":{"description":"File: kansai-sm_234.jpg\\nLat: 35.001359\\nLon: 135.769279\\nAlt: 80.0m\\n--- RTK Data ---\\nTime: 2024-11-25T12:31:51.000Z","styleUrl":"#imagePointWarning","icon-opacity":1,"icon-color":"#ff0000","icon-scale":0.8,"icon":"http://maps.google.com/mapfiles/kml/pushpin/red-pushpin.png","timestamp":"2024-11-25T12:31:51.000Z"}},{"type":"Feature","geometry":{"type":"Point","coordinates":[135.769782,35.001825,80]},"properties":{"description":"File: kansai-sm_64.jpg\\nLat: 35.001825\\nLon: 135.769782\\nAlt: 80.0m\\n--- RTK Data ---\\nTime: 2024-11-25T12:32:52.000Z","styleUrl":"#imagePointWarning","icon-opacity":1,"icon-color":"#ff0000","icon-scale":0.8,"icon":"http://maps.google.com/mapfiles/kml/pushpin/red-pushpin.png","timestamp":"2024-11-25T12:32:52.000Z"}},{"type":"Feature","geometry":{"type":"Point","coordinates":[135.771206,35.003934,86.399]},"properties":{"description":"File: kansai-sm_280.jpg\\nLat: 35.003934\\nLon: 135.771206\\nAlt: 86.4m\\n--- RTK Data ---\\nProcessing Method: GPS\\nTime: 2024-11-25T13:17:34.000Z","styleUrl":"#imagePointWarning","icon-opacity":1,"icon-color":"#ff0000","icon-scale":0.8,"icon":"http://maps.google.com/mapfiles/kml/pushpin/red-pushpin.png","timestamp":"2024-11-25T13:17:34.000Z"}},{"type":"Feature","geometry":{"type":"Point","coordinates":[135.771206,35.003934,86]},"properties":{"description":"File: kansai-sm_246.jpg\\nLat: 35.003934\\nLon: 135.771206\\nAlt: 86.0m\\n--- RTK Data ---\\nTime: 2024-11-25T13:18:33.000Z","styleUrl":"#imagePointWarning","icon-opacity":1,"icon-color":"#ff0000","icon-scale":0.8,"icon":"http://maps.google.com/mapfiles/kml/pushpin/red-pushpin.png","timestamp":"2024-11-25T13:18:33.000Z"}},{"type":"Feature","geometry":{"type":"Point","coordinates":[135.771776,35.003949,0]},"properties":{"description":"File: kansai-sm_140.jpg\\nLat: 35.003949\\nLon: 135.771776\\n--- RTK Data ---\\nProcessing Method: GPS\\nTime: 2024-11-25T13:21:38.000Z","styleUrl":"#imagePointWarning","icon-opacity":1,"icon-color":"#ff0000","icon-scale":0.8,"icon":"http://maps.google.com/mapfiles/kml/pushpin/red-pushpin.png","timestamp":"2024-11-25T13:21:38.000Z"}},{"type":"Feature","geometry":{"type":"Point","coordinates":[135.77207,35.008684,77.804]},"properties":{"description":"File: kansai-sm_281.jpg\\nLat: 35.008684\\nLon: 135.772070\\nAlt: 77.8m\\n--- RTK Data ---\\nProcessing Method: GPS\\nTime: 2024-11-25T13:32:42.000Z","styleUrl":"#imagePointWarning","icon-opacity":1,"icon-color":"#ff0000","icon-scale":0.8,"icon":"http://maps.google.com/mapfiles/kml/pushpin/red-pushpin.png","timestamp":"2024-11-25T13:32:42.000Z"}},{"type":"Feature","geometry":{"type":"Point","coordinates":[135.767688,35.005898,60]},"properties":{"description":"File: kansai-sm_116.jpg\\nLat: 35.005898\\nLon: 135.767688\\nAlt: 60.0m\\n--- RTK Data ---\\nTime: 2024-11-25T14:24:19.000Z","styleUrl":"#imagePointWarning","icon-opacity":1,"icon-color":"#ff0000","icon-scale":0.8,"icon":"http://maps.google.com/mapfiles/kml/pushpin/red-pushpin.png","timestamp":"2024-11-25T14:24:19.000Z"}},{"type":"Feature","geometry":{"type":"Point","coordinates":[135.767306,35.005929,116]},"properties":{"description":"File: kansai-sm_117.jpg\\nLat: 35.005929\\nLon: 135.767306\\nAlt: 116.0m\\n--- RTK Data ---\\nTime: 2024-11-25T14:24:56.000Z","styleUrl":"#imagePointWarning","icon-opacity":1,"icon-color":"#ff0000","icon-scale":0.8,"icon":"http://maps.google.com/mapfiles/kml/pushpin/red-pushpin.png","timestamp":"2024-11-25T14:24:56.000Z"}},{"type":"Feature","geometry":{"type":"Point","coordinates":[135.766917,35.005006,92]},"properties":{"description":"File: kansai-sm_118.jpg\\nLat: 35.005006\\nLon: 135.766917\\nAlt: 92.0m\\n--- RTK Data ---\\nTime: 2024-11-25T14:28:16.000Z","styleUrl":"#imagePointWarning","icon-opacity":1,"icon-color":"#ff0000","icon-scale":0.8,"icon":"http://maps.google.com/mapfiles/kml/pushpin/red-pushpin.png","timestamp":"2024-11-25T14:28:16.000Z"}},{"type":"Feature","geometry":{"type":"Point","coordinates":[135.766784,35.003734,0]},"properties":{"description":"File: kansai-sm_194.jpg\\nLat: 35.003734\\nLon: 135.766784\\n--- RTK Data ---\\nProcessing Method: GPS\\nTime: 2024-11-25T14:30:54.000Z","styleUrl":"#imagePointWarning","icon-opacity":1,"icon-color":"#ff0000","icon-scale":0.8,"icon":"http://maps.google.com/mapfiles/kml/pushpin/red-pushpin.png","timestamp":"2024-11-25T14:30:54.000Z"}},{"type":"Feature","geometry":{"type":"Point","coordinates":[135.771877,35.003865,61]},"properties":{"description":"File: kansai-sm_65.jpg\\nLat: 35.003865\\nLon: 135.771877\\nAlt: 61.0m\\n--- RTK Data ---\\nTime: 2024-11-25T14:47:50.000Z","styleUrl":"#imagePointWarning","icon-opacity":1,"icon-color":"#ff0000","icon-scale":0.8,"icon":"http://maps.google.com/mapfiles/kml/pushpin/red-pushpin.png","timestamp":"2024-11-25T14:47:50.000Z"}},{"type":"Feature","geometry":{"type":"Point","coordinates":[135.771878,35.003865,61.324]},"properties":{"description":"File: kansai-sm_235.jpg\\nLat: 35.003865\\nLon: 135.771878\\nAlt: 61.3m\\n--- RTK Data ---\\nProcessing Method: GPS\\nTime: 2024-11-25T14:48:08.000Z","styleUrl":"#imagePointWarning","icon-opacity":1,"icon-color":"#ff0000","icon-scale":0.8,"icon":"http://maps.google.com/mapfiles/kml/pushpin/red-pushpin.png","timestamp":"2024-11-25T14:48:08.000Z"}},{"type":"Feature","geometry":{"type":"Point","coordinates":[135.771098,35.001922,73]},"properties":{"description":"File: kansai-sm_141.jpg\\nLat: 35.001922\\nLon: 135.771098\\nAlt: 73.0m\\n--- RTK Data ---\\nTime: 2024-11-25T14:54:17.000Z","styleUrl":"#imagePointWarning","icon-opacity":1,"icon-color":"#ff0000","icon-scale":0.8,"icon":"http://maps.google.com/mapfiles/kml/pushpin/red-pushpin.png","timestamp":"2024-11-25T14:54:17.000Z"}},{"type":"Feature","geometry":{"type":"Point","coordinates":[135.765788,34.995398,90]},"properties":{"description":"File: kansai-sm_66.jpg\\nLat: 34.995398\\nLon: 135.765788\\nAlt: 90.0m\\n--- RTK Data ---\\nTime: 2024-11-25T15:10:43.000Z","styleUrl":"#imagePointWarning","icon-opacity":1,"icon-color":"#ff0000","icon-scale":0.8,"icon":"http://maps.google.com/mapfiles/kml/pushpin/red-pushpin.png","timestamp":"2024-11-25T15:10:43.000Z"}},{"type":"Feature","geometry":{"type":"Point","coordinates":[135.761043,34.990475,91]},"properties":{"description":"File: kansai-sm_236.jpg\\nLat: 34.990475\\nLon: 135.761043\\nAlt: 91.0m\\n--- RTK Data ---\\nTime: 2024-11-25T15:25:35.000Z","styleUrl":"#imagePointWarning","icon-opacity":1,"icon-color":"#ff0000","icon-scale":0.8,"icon":"http://maps.google.com/mapfiles/kml/pushpin/red-pushpin.png","timestamp":"2024-11-25T15:25:35.000Z"}},{"type":"Feature","geometry":{"type":"Point","coordinates":[135.802602,34.681629,101]},"properties":{"description":"File: kansai-sm_247.jpg\\nLat: 34.681629\\nLon: 135.802602\\nAlt: 101.0m\\n--- RTK Data ---\\nTime: 2024-11-27T14:16:07.000Z","styleUrl":"#imagePointWarning","icon-opacity":1,"icon-color":"#ff0000","icon-scale":0.8,"icon":"http://maps.google.com/mapfiles/kml/pushpin/red-pushpin.png","timestamp":"2024-11-27T14:16:07.000Z"}},{"type":"Feature","geometry":{"type":"Point","coordinates":[135.796987,34.67826,89.742]},"properties":{"description":"File: kansai-sm_282.jpg\\nLat: 34.678260\\nLon: 135.796987\\nAlt: 89.7m\\n--- RTK Data ---\\nProcessing Method: GPS\\nTime: 2024-11-27T14:25:39.000Z","styleUrl":"#imagePointWarning","icon-opacity":1,"icon-color":"#ff0000","icon-scale":0.8,"icon":"http://maps.google.com/mapfiles/kml/pushpin/red-pushpin.png","timestamp":"2024-11-27T14:25:39.000Z"}},{"type":"Feature","geometry":{"type":"Point","coordinates":[135.788507,34.674782,99.51]},"properties":{"description":"File: kansai-sm_142.jpg\\nLat: 34.674782\\nLon: 135.788507\\nAlt: 99.5m\\n--- RTK Data ---\\nProcessing Method: GPS\\nTime: 2024-11-27T14:35:03.000Z","styleUrl":"#imagePointWarning","icon-opacity":1,"icon-color":"#ff0000","icon-scale":0.8,"icon":"http://maps.google.com/mapfiles/kml/pushpin/red-pushpin.png","timestamp":"2024-11-27T14:35:03.000Z"}},{"type":"Feature","geometry":{"type":"Point","coordinates":[135.807012,34.684287,140.217]},"properties":{"description":"File: kansai-sm_67.jpg\\nLat: 34.684287\\nLon: 135.807012\\nAlt: 140.2m\\n--- RTK Data ---\\nProcessing Method: GPS\\nTime: 2024-11-29T11:55:36.000Z","styleUrl":"#imagePointWarning","icon-opacity":1,"icon-color":"#ff0000","icon-scale":0.8,"icon":"http://maps.google.com/mapfiles/kml/pushpin/red-pushpin.png","timestamp":"2024-11-29T11:55:36.000Z"}},{"type":"Feature","geometry":{"type":"Point","coordinates":[135.821233,34.682096,131.448]},"properties":{"description":"File: kansai-sm_237.jpg\\nLat: 34.682096\\nLon: 135.821233\\nAlt: 131.4m\\n--- RTK Data ---\\nProcessing Method: GPS\\nTime: 2024-11-29T12:57:37.000Z","styleUrl":"#imagePointWarning","icon-opacity":1,"icon-color":"#ff0000","icon-scale":0.8,"icon":"http://maps.google.com/mapfiles/kml/pushpin/red-pushpin.png","timestamp":"2024-11-29T12:57:37.000Z"}},{"type":"Feature","geometry":{"type":"Point","coordinates":[135.777156,34.678207,115.959]},"properties":{"description":"File: kansai-sm_283.jpg\\nLat: 34.678207\\nLon: 135.777156\\nAlt: 116.0m\\n--- RTK Data ---\\nProcessing Method: GPS\\nTime: 2024-12-03T11:19:38.000Z","styleUrl":"#imagePointWarning","icon-opacity":1,"icon-color":"#ff0000","icon-scale":0.8,"icon":"http://maps.google.com/mapfiles/kml/pushpin/red-pushpin.png","timestamp":"2024-12-03T11:19:38.000Z"}},{"type":"Feature","geometry":{"type":"Point","coordinates":[135.779294,34.677663,119.207]},"properties":{"description":"File: kansai-sm_248.jpg\\nLat: 34.677663\\nLon: 135.779294\\nAlt: 119.2m\\n--- RTK Data ---\\nProcessing Method: GPS\\nTime: 2024-12-03T11:26:08.000Z","styleUrl":"#imagePointWarning","icon-opacity":1,"icon-color":"#ff0000","icon-scale":0.8,"icon":"http://maps.google.com/mapfiles/kml/pushpin/red-pushpin.png","timestamp":"2024-12-03T11:26:08.000Z"}},{"type":"Feature","geometry":{"type":"Point","coordinates":[135.779453,34.680385,112]},"properties":{"description":"File: kansai-sm_284.jpg\\nLat: 34.680385\\nLon: 135.779453\\nAlt: 112.0m\\n--- RTK Data ---\\nTime: 2024-12-05T14:13:14.000Z","styleUrl":"#imagePointWarning","icon-opacity":1,"icon-color":"#ff0000","icon-scale":0.8,"icon":"http://maps.google.com/mapfiles/kml/pushpin/red-pushpin.png","timestamp":"2024-12-05T14:13:14.000Z"}},{"type":"Feature","geometry":{"type":"Point","coordinates":[135.784722,34.68177,117.875]},"properties":{"description":"File: kansai-sm_143.jpg\\nLat: 34.681770\\nLon: 135.784722\\nAlt: 117.9m\\n--- RTK Data ---\\nProcessing Method: GPS\\nTime: 2024-12-05T14:34:49.000Z","styleUrl":"#imagePointWarning","icon-opacity":1,"icon-color":"#ff0000","icon-scale":0.8,"icon":"http://maps.google.com/mapfiles/kml/pushpin/red-pushpin.png","timestamp":"2024-12-05T14:34:49.000Z"}},{"type":"Feature","geometry":{"type":"Point","coordinates":[135.783581,34.681336,136]},"properties":{"description":"File: kansai-sm_285.jpg\\nLat: 34.681336\\nLon: 135.783581\\nAlt: 136.0m\\n--- RTK Data ---\\nTime: 2024-12-09T08:23:17.000Z","styleUrl":"#imagePointWarning","icon-opacity":1,"icon-color":"#ff0000","icon-scale":0.8,"icon":"http://maps.google.com/mapfiles/kml/pushpin/red-pushpin.png","timestamp":"2024-12-09T08:23:17.000Z"}},{"type":"Feature","geometry":{"type":"Point","coordinates":[135.503131,34.660348,75]},"properties":{"description":"File: kansai-sm_203.jpg\\nLat: 34.660348\\nLon: 135.503131\\nAlt: 75.0m\\n--- RTK Data ---\\nTime: 2024-12-09T13:52:34.000Z","styleUrl":"#imagePointWarning","icon-opacity":1,"icon-color":"#ff0000","icon-scale":0.8,"icon":"http://maps.google.com/mapfiles/kml/pushpin/red-pushpin.png","timestamp":"2024-12-09T13:52:34.000Z"}},{"type":"Feature","geometry":{"type":"Point","coordinates":[135.502202,34.662026,68]},"properties":{"description":"File: kansai-sm_204.jpg\\nLat: 34.662026\\nLon: 135.502202\\nAlt: 68.0m\\n--- RTK Data ---\\nTime: 2024-12-09T15:13:31.000Z","styleUrl":"#imagePointWarning","icon-opacity":1,"icon-color":"#ff0000","icon-scale":0.8,"icon":"http://maps.google.com/mapfiles/kml/pushpin/red-pushpin.png","timestamp":"2024-12-09T15:13:31.000Z"}},{"type":"Feature","geometry":{"type":"Point","coordinates":[135.793616,34.688069,108.889]},"properties":{"description":"File: kansai-sm_144.jpg\\nLat: 34.688069\\nLon: 135.793616\\nAlt: 108.9m\\n--- RTK Data ---\\nProcessing Method: GPS\\nTime: 2024-12-10T08:19:05.000Z","styleUrl":"#imagePointWarning","icon-opacity":1,"icon-color":"#ff0000","icon-scale":0.8,"icon":"http://maps.google.com/mapfiles/kml/pushpin/red-pushpin.png","timestamp":"2024-12-10T08:19:05.000Z"}},{"type":"Feature","geometry":{"type":"Point","coordinates":[135.807669,34.686643,102]},"properties":{"description":"File: kansai-sm_145.jpg\\nLat: 34.686643\\nLon: 135.807669\\nAlt: 102.0m\\n--- RTK Data ---\\nTime: 2024-12-10T08:37:21.000Z","styleUrl":"#imagePointWarning","icon-opacity":1,"icon-color":"#ff0000","icon-scale":0.8,"icon":"http://maps.google.com/mapfiles/kml/pushpin/red-pushpin.png","timestamp":"2024-12-10T08:37:21.000Z"}},{"type":"Feature","geometry":{"type":"Point","coordinates":[135.817725,34.68869,115]},"properties":{"description":"File: kansai-sm_154.jpg\\nLat: 34.688690\\nLon: 135.817725\\nAlt: 115.0m\\n--- RTK Data ---\\nTime: 2024-12-10T08:52:41.000Z","styleUrl":"#imagePointWarning","icon-opacity":1,"icon-color":"#ff0000","icon-scale":0.8,"icon":"http://maps.google.com/mapfiles/kml/pushpin/red-pushpin.png","timestamp":"2024-12-10T08:52:41.000Z"}},{"type":"Feature","geometry":{"type":"Point","coordinates":[135.827949,34.689352,130.262]},"properties":{"description":"File: kansai-sm_68.jpg\\nLat: 34.689352\\nLon: 135.827949\\nAlt: 130.3m\\n--- RTK Data ---\\nProcessing Method: GPS\\nTime: 2024-12-10T09:06:35.000Z","styleUrl":"#imagePointWarning","icon-opacity":1,"icon-color":"#ff0000","icon-scale":0.8,"icon":"http://maps.google.com/mapfiles/kml/pushpin/red-pushpin.png","timestamp":"2024-12-10T09:06:35.000Z"}},{"type":"Feature","geometry":{"type":"Point","coordinates":[135.832426,34.688139,138.798]},"properties":{"description":"File: kansai-sm_286.jpg\\nLat: 34.688139\\nLon: 135.832426\\nAlt: 138.8m\\n--- RTK Data ---\\nProcessing Method: GPS\\nTime: 2024-12-10T09:11:10.000Z","styleUrl":"#imagePointWarning","icon-opacity":1,"icon-color":"#ff0000","icon-scale":0.8,"icon":"http://maps.google.com/mapfiles/kml/pushpin/red-pushpin.png","timestamp":"2024-12-10T09:11:10.000Z"}},{"type":"Feature","geometry":{"type":"Point","coordinates":[135.699053,34.69318,193]},"properties":{"description":"File: kansai-sm_205.jpg\\nLat: 34.693180\\nLon: 135.699053\\nAlt: 193.0m\\n--- RTK Data ---\\nTime: 2024-12-10T14:25:04.000Z","styleUrl":"#imagePointWarning","icon-opacity":1,"icon-color":"#ff0000","icon-scale":0.8,"icon":"http://maps.google.com/mapfiles/kml/pushpin/red-pushpin.png","timestamp":"2024-12-10T14:25:04.000Z"}},{"type":"Feature","geometry":{"type":"Point","coordinates":[135.65531,34.685453,150]},"properties":{"description":"File: kansai-sm_146.jpg\\nLat: 34.685453\\nLon: 135.655310\\nAlt: 150.0m\\n--- RTK Data ---\\nTime: 2024-12-10T14:33:06.000Z","styleUrl":"#imagePointWarning","icon-opacity":1,"icon-color":"#ff0000","icon-scale":0.8,"icon":"http://maps.google.com/mapfiles/kml/pushpin/red-pushpin.png","timestamp":"2024-12-10T14:33:06.000Z"}},{"type":"Feature","geometry":{"type":"Point","coordinates":[135.65508,34.685473,156]},"properties":{"description":"File: kansai-sm_69.jpg\\nLat: 34.685473\\nLon: 135.655080\\nAlt: 156.0m\\n--- RTK Data ---\\nTime: 2024-12-10T14:33:37.000Z","styleUrl":"#imagePointWarning","icon-opacity":1,"icon-color":"#ff0000","icon-scale":0.8,"icon":"http://maps.google.com/mapfiles/kml/pushpin/red-pushpin.png","timestamp":"2024-12-10T14:33:37.000Z"}},{"type":"Feature","geometry":{"type":"Point","coordinates":[135.655123,34.685465,142]},"properties":{"description":"File: kansai-sm_70.jpg\\nLat: 34.685465\\nLon: 135.655123\\nAlt: 142.0m\\n--- RTK Data ---\\nTime: 2024-12-10T14:35:51.000Z","styleUrl":"#imagePointWarning","icon-opacity":1,"icon-color":"#ff0000","icon-scale":0.8,"icon":"http://maps.google.com/mapfiles/kml/pushpin/red-pushpin.png","timestamp":"2024-12-10T14:35:51.000Z"}},{"type":"Feature","geometry":{"type":"Point","coordinates":[135.653537,34.684457,137]},"properties":{"description":"File: kansai-sm_71.jpg\\nLat: 34.684457\\nLon: 135.653537\\nAlt: 137.0m\\n--- RTK Data ---\\nTime: 2024-12-10T14:41:32.000Z","styleUrl":"#imagePointWarning","icon-opacity":1,"icon-color":"#ff0000","icon-scale":0.8,"icon":"http://maps.google.com/mapfiles/kml/pushpin/red-pushpin.png","timestamp":"2024-12-10T14:41:32.000Z"}},{"type":"Feature","geometry":{"type":"Point","coordinates":[135.654224,34.683746,144]},"properties":{"description":"File: kansai-sm_147.jpg\\nLat: 34.683746\\nLon: 135.654224\\nAlt: 144.0m\\n--- RTK Data ---\\nTime: 2024-12-10T14:44:30.000Z","styleUrl":"#imagePointWarning","icon-opacity":1,"icon-color":"#ff0000","icon-scale":0.8,"icon":"http://maps.google.com/mapfiles/kml/pushpin/red-pushpin.png","timestamp":"2024-12-10T14:44:30.000Z"}},{"type":"Feature","geometry":{"type":"Point","coordinates":[135.654768,34.683997,150]},"properties":{"description":"File: kansai-sm_148.jpg\\nLat: 34.683997\\nLon: 135.654768\\nAlt: 150.0m\\n--- RTK Data ---\\nTime: 2024-12-10T14:57:32.000Z","styleUrl":"#imagePointWarning","icon-opacity":1,"icon-color":"#ff0000","icon-scale":0.8,"icon":"http://maps.google.com/mapfiles/kml/pushpin/red-pushpin.png","timestamp":"2024-12-10T14:57:32.000Z"}},{"type":"Feature","geometry":{"type":"Point","coordinates":[135.655417,34.684848,151]},"properties":{"description":"File: kansai-sm_72.jpg\\nLat: 34.684848\\nLon: 135.655417\\nAlt: 151.0m\\n--- RTK Data ---\\nTime: 2024-12-10T15:06:01.000Z","styleUrl":"#imagePointWarning","icon-opacity":1,"icon-color":"#ff0000","icon-scale":0.8,"icon":"http://maps.google.com/mapfiles/kml/pushpin/red-pushpin.png","timestamp":"2024-12-10T15:06:01.000Z"}},{"type":"Feature","geometry":{"type":"Point","coordinates":[135.655151,34.68495,146]},"properties":{"description":"File: kansai-sm_238.jpg\\nLat: 34.684950\\nLon: 135.655151\\nAlt: 146.0m\\n--- RTK Data ---\\nTime: 2024-12-10T15:11:51.000Z","styleUrl":"#imagePointWarning","icon-opacity":1,"icon-color":"#ff0000","icon-scale":0.8,"icon":"http://maps.google.com/mapfiles/kml/pushpin/red-pushpin.png","timestamp":"2024-12-10T15:11:51.000Z"}},{"type":"Feature","geometry":{"type":"Point","coordinates":[135.515799,34.666388,56.431]},"properties":{"description":"File: kansai-sm_206.jpg\\nLat: 34.666388\\nLon: 135.515799\\nAlt: 56.4m\\n--- RTK Data ---\\nProcessing Method: GPS\\nTime: 2024-12-11T11:38:00.000Z","styleUrl":"#imagePointWarning","icon-opacity":1,"icon-color":"#ff0000","icon-scale":0.8,"icon":"http://maps.google.com/mapfiles/kml/pushpin/red-pushpin.png","timestamp":"2024-12-11T11:38:00.000Z"}},{"type":"Feature","geometry":{"type":"Point","coordinates":[135.512128,34.667012,67]},"properties":{"description":"File: kansai-sm_184.jpg\\nLat: 34.667012\\nLon: 135.512128\\nAlt: 67.0m\\n--- RTK Data ---\\nTime: 2024-12-11T11:43:29.000Z","styleUrl":"#imagePointWarning","icon-opacity":1,"icon-color":"#ff0000","icon-scale":0.8,"icon":"http://maps.google.com/mapfiles/kml/pushpin/red-pushpin.png","timestamp":"2024-12-11T11:43:29.000Z"}},{"type":"Feature","geometry":{"type":"Point","coordinates":[135.513411,34.66492,46]},"properties":{"description":"File: kansai-sm_249.jpg\\nLat: 34.664920\\nLon: 135.513411\\nAlt: 46.0m\\n--- RTK Data ---\\nTime: 2024-12-11T11:54:57.000Z","styleUrl":"#imagePointWarning","icon-opacity":1,"icon-color":"#ff0000","icon-scale":0.8,"icon":"http://maps.google.com/mapfiles/kml/pushpin/red-pushpin.png","timestamp":"2024-12-11T11:54:57.000Z"}},{"type":"Feature","geometry":{"type":"Point","coordinates":[135.510945,34.664745,39]},"properties":{"description":"File: kansai-sm_191.jpg\\nLat: 34.664745\\nLon: 135.510945\\nAlt: 39.0m\\n--- RTK Data ---\\nTime: 2024-12-11T12:37:59.000Z","styleUrl":"#imagePointWarning","icon-opacity":1,"icon-color":"#ff0000","icon-scale":0.8,"icon":"http://maps.google.com/mapfiles/kml/pushpin/red-pushpin.png","timestamp":"2024-12-11T12:37:59.000Z"}},{"type":"Feature","geometry":{"type":"Point","coordinates":[135.507263,34.66526,71]},"properties":{"description":"File: kansai-sm_93.jpg\\nLat: 34.665260\\nLon: 135.507263\\nAlt: 71.0m\\n--- RTK Data ---\\nTime: 2024-12-11T12:42:37.000Z","styleUrl":"#imagePointWarning","icon-opacity":1,"icon-color":"#ff0000","icon-scale":0.8,"icon":"http://maps.google.com/mapfiles/kml/pushpin/red-pushpin.png","timestamp":"2024-12-11T12:42:37.000Z"}},{"type":"Feature","geometry":{"type":"Point","coordinates":[135.505126,34.665474,29]},"properties":{"description":"File: kansai-sm_287.jpg\\nLat: 34.665474\\nLon: 135.505126\\nAlt: 29.0m\\n--- RTK Data ---\\nTime: 2024-12-11T12:47:43.000Z","styleUrl":"#imagePointWarning","icon-opacity":1,"icon-color":"#ff0000","icon-scale":0.8,"icon":"http://maps.google.com/mapfiles/kml/pushpin/red-pushpin.png","timestamp":"2024-12-11T12:47:43.000Z"}},{"type":"Feature","geometry":{"type":"Point","coordinates":[135.504485,34.665572,50]},"properties":{"description":"File: kansai-sm_239.jpg\\nLat: 34.665572\\nLon: 135.504485\\nAlt: 50.0m\\n--- RTK Data ---\\nTime: 2024-12-11T12:48:18.000Z","styleUrl":"#imagePointWarning","icon-opacity":1,"icon-color":"#ff0000","icon-scale":0.8,"icon":"http://maps.google.com/mapfiles/kml/pushpin/red-pushpin.png","timestamp":"2024-12-11T12:48:18.000Z"}},{"type":"Feature","geometry":{"type":"Point","coordinates":[135.502324,34.66826,46]},"properties":{"description":"File: kansai-sm_122.jpg\\nLat: 34.668260\\nLon: 135.502324\\nAlt: 46.0m\\n--- RTK Data ---\\nTime: 2024-12-11T13:07:17.000Z","styleUrl":"#imagePointWarning","icon-opacity":1,"icon-color":"#ff0000","icon-scale":0.8,"icon":"http://maps.google.com/mapfiles/kml/pushpin/red-pushpin.png","timestamp":"2024-12-11T13:07:17.000Z"}},{"type":"Feature","geometry":{"type":"Point","coordinates":[135.501289,34.669119,52]},"properties":{"description":"File: kansai-sm_207.jpg\\nLat: 34.669119\\nLon: 135.501289\\nAlt: 52.0m\\n--- RTK Data ---\\nTime: 2024-12-11T14:07:46.000Z","styleUrl":"#imagePointWarning","icon-opacity":1,"icon-color":"#ff0000","icon-scale":0.8,"icon":"http://maps.google.com/mapfiles/kml/pushpin/red-pushpin.png","timestamp":"2024-12-11T14:07:46.000Z"}},{"type":"Feature","geometry":{"type":"Point","coordinates":[135.501356,34.665247,51]},"properties":{"description":"File: kansai-sm_119.jpg\\nLat: 34.665247\\nLon: 135.501356\\nAlt: 51.0m\\n--- RTK Data ---\\nTime: 2024-12-11T14:25:09.000Z","styleUrl":"#imagePointWarning","icon-opacity":1,"icon-color":"#ff0000","icon-scale":0.8,"icon":"http://maps.google.com/mapfiles/kml/pushpin/red-pushpin.png","timestamp":"2024-12-11T14:25:09.000Z"}},{"type":"Feature","geometry":{"type":"Point","coordinates":[135.501416,34.666563,72]},"properties":{"description":"File: kansai-sm_221.jpg\\nLat: 34.666563\\nLon: 135.501416\\nAlt: 72.0m\\n--- RTK Data ---\\nTime: 2024-12-11T14:29:22.000Z","styleUrl":"#imagePointWarning","icon-opacity":1,"icon-color":"#ff0000","icon-scale":0.8,"icon":"http://maps.google.com/mapfiles/kml/pushpin/red-pushpin.png","timestamp":"2024-12-11T14:29:22.000Z"}},{"type":"Feature","geometry":{"type":"Point","coordinates":[135.500388,34.667636,123]},"properties":{"description":"File: kansai-sm_208.jpg\\nLat: 34.667636\\nLon: 135.500388\\nAlt: 123.0m\\n--- RTK Data ---\\nTime: 2024-12-11T14:44:08.000Z","styleUrl":"#imagePointWarning","icon-opacity":1,"icon-color":"#ff0000","icon-scale":0.8,"icon":"http://maps.google.com/mapfiles/kml/pushpin/red-pushpin.png","timestamp":"2024-12-11T14:44:08.000Z"}},{"type":"Feature","geometry":{"type":"Point","coordinates":[135.500719,34.667537,120.512]},"properties":{"description":"File: kansai-sm_209.jpg\\nLat: 34.667537\\nLon: 135.500719\\nAlt: 120.5m\\n--- RTK Data ---\\nProcessing Method: GPS\\nTime: 2024-12-11T14:44:38.000Z","styleUrl":"#imagePointWarning","icon-opacity":1,"icon-color":"#ff0000","icon-scale":0.8,"icon":"http://maps.google.com/mapfiles/kml/pushpin/red-pushpin.png","timestamp":"2024-12-11T14:44:38.000Z"}},{"type":"Feature","geometry":{"type":"Point","coordinates":[135.501224,34.666774,58]},"properties":{"description":"File: kansai-sm_124.jpg\\nLat: 34.666774\\nLon: 135.501224\\nAlt: 58.0m\\n--- RTK Data ---\\nTime: 2024-12-11T14:50:16.000Z","styleUrl":"#imagePointWarning","icon-opacity":1,"icon-color":"#ff0000","icon-scale":0.8,"icon":"http://maps.google.com/mapfiles/kml/pushpin/red-pushpin.png","timestamp":"2024-12-11T14:50:16.000Z"}},{"type":"Feature","geometry":{"type":"Point","coordinates":[135.749226,34.993699,72]},"properties":{"description":"File: kansai-sm_74.jpg\\nLat: 34.993699\\nLon: 135.749226\\nAlt: 72.0m\\n--- RTK Data ---\\nTime: 2024-12-13T14:42:34.000Z","styleUrl":"#imagePointWarning","icon-opacity":1,"icon-color":"#ff0000","icon-scale":0.8,"icon":"http://maps.google.com/mapfiles/kml/pushpin/red-pushpin.png","timestamp":"2024-12-13T14:42:34.000Z"}},{"type":"Feature","geometry":{"type":"Point","coordinates":[135.74924,34.988688,86]},"properties":{"description":"File: kansai-sm_288.jpg\\nLat: 34.988688\\nLon: 135.749240\\nAlt: 86.0m\\n--- RTK Data ---\\nTime: 2024-12-13T14:47:40.000Z","styleUrl":"#imagePointWarning","icon-opacity":1,"icon-color":"#ff0000","icon-scale":0.8,"icon":"http://maps.google.com/mapfiles/kml/pushpin/red-pushpin.png","timestamp":"2024-12-13T14:47:40.000Z"}},{"type":"Feature","geometry":{"type":"Point","coordinates":[135.753033,34.987684,79]},"properties":{"description":"File: kansai-sm_210.jpg\\nLat: 34.987684\\nLon: 135.753033\\nAlt: 79.0m\\n--- RTK Data ---\\nTime: 2024-12-13T15:00:15.000Z","styleUrl":"#imagePointWarning","icon-opacity":1,"icon-color":"#ff0000","icon-scale":0.8,"icon":"http://maps.google.com/mapfiles/kml/pushpin/red-pushpin.png","timestamp":"2024-12-13T15:00:15.000Z"}},{"type":"Feature","geometry":{"type":"Point","coordinates":[135.753246,34.98726,87.701]},"properties":{"description":"File: kansai-sm_75.jpg\\nLat: 34.987260\\nLon: 135.753246\\nAlt: 87.7m\\n--- RTK Data ---\\nProcessing Method: GPS\\nTime: 2024-12-13T15:00:58.000Z","styleUrl":"#imagePointWarning","icon-opacity":1,"icon-color":"#ff0000","icon-scale":0.8,"icon":"http://maps.google.com/mapfiles/kml/pushpin/red-pushpin.png","timestamp":"2024-12-13T15:00:58.000Z"}},{"type":"Feature","geometry":{"type":"Point","coordinates":[135.753265,34.987213,70]},"properties":{"description":"File: kansai-sm_211.jpg\\nLat: 34.987213\\nLon: 135.753265\\nAlt: 70.0m\\n--- RTK Data ---\\nTime: 2024-12-13T15:01:42.000Z","styleUrl":"#imagePointWarning","icon-opacity":1,"icon-color":"#ff0000","icon-scale":0.8,"icon":"http://maps.google.com/mapfiles/kml/pushpin/red-pushpin.png","timestamp":"2024-12-13T15:01:42.000Z"}},{"type":"Feature","geometry":{"type":"Point","coordinates":[135.759177,34.986291,94]},"properties":{"description":"File: kansai-sm_44.jpg\\nLat: 34.986291\\nLon: 135.759177\\nAlt: 94.0m\\n--- RTK Data ---\\nTime: 2024-12-13T15:28:02.000Z","styleUrl":"#imagePointWarning","icon-opacity":1,"icon-color":"#ff0000","icon-scale":0.8,"icon":"http://maps.google.com/mapfiles/kml/pushpin/red-pushpin.png","timestamp":"2024-12-13T15:28:02.000Z"}},{"type":"Feature","geometry":{"type":"Point","coordinates":[135.758459,34.986001,92]},"properties":{"description":"File: kansai-sm_39.jpg\\nLat: 34.986001\\nLon: 135.758459\\nAlt: 92.0m\\n--- RTK Data ---\\nTime: 2024-12-13T15:34:01.000Z","styleUrl":"#imagePointWarning","icon-opacity":1,"icon-color":"#ff0000","icon-scale":0.8,"icon":"http://maps.google.com/mapfiles/kml/pushpin/red-pushpin.png","timestamp":"2024-12-13T15:34:01.000Z"}},{"type":"Feature","geometry":{"type":"Point","coordinates":[135.759836,34.985863,121]},"properties":{"description":"File: kansai-sm_40.jpg\\nLat: 34.985863\\nLon: 135.759836\\nAlt: 121.0m\\n--- RTK Data ---\\nTime: 2024-12-13T15:39:27.000Z","styleUrl":"#imagePointWarning","icon-opacity":1,"icon-color":"#ff0000","icon-scale":0.8,"icon":"http://maps.google.com/mapfiles/kml/pushpin/red-pushpin.png","timestamp":"2024-12-13T15:39:27.000Z"}},{"type":"Feature","geometry":{"type":"Point","coordinates":[135.760206,34.986142,134]},"properties":{"description":"File: kansai-sm_41.jpg\\nLat: 34.986142\\nLon: 135.760206\\nAlt: 134.0m\\n--- RTK Data ---\\nTime: 2024-12-13T15:47:50.000Z","styleUrl":"#imagePointWarning","icon-opacity":1,"icon-color":"#ff0000","icon-scale":0.8,"icon":"http://maps.google.com/mapfiles/kml/pushpin/red-pushpin.png","timestamp":"2024-12-13T15:47:50.000Z"}},{"type":"Feature","geometry":{"type":"Point","coordinates":[135.760205,34.986106,0]},"properties":{"description":"File: kansai-sm_25.jpg\\nLat: 34.986106\\nLon: 135.760205\\n--- RTK Data ---\\nTime: 2024-12-13T15:48:17.000Z","styleUrl":"#imagePointWarning","icon-opacity":1,"icon-color":"#ff0000","icon-scale":0.8,"icon":"http://maps.google.com/mapfiles/kml/pushpin/red-pushpin.png","timestamp":"2024-12-13T15:48:17.000Z"}},{"type":"Feature","geometry":{"type":"Point","coordinates":[135.760051,34.986081,132]},"properties":{"description":"File: kansai-sm_42.jpg\\nLat: 34.986081\\nLon: 135.760051\\nAlt: 132.0m\\n--- RTK Data ---\\nTime: 2024-12-13T15:52:49.000Z","styleUrl":"#imagePointWarning","icon-opacity":1,"icon-color":"#ff0000","icon-scale":0.8,"icon":"http://maps.google.com/mapfiles/kml/pushpin/red-pushpin.png","timestamp":"2024-12-13T15:52:49.000Z"}},{"type":"Feature","geometry":{"type":"Point","coordinates":[135.761206,34.99595,78]},"properties":{"description":"File: kansai-sm_76.jpg\\nLat: 34.995950\\nLon: 135.761206\\nAlt: 78.0m\\n--- RTK Data ---\\nTime: 2024-12-13T16:38:09.000Z","styleUrl":"#imagePointWarning","icon-opacity":1,"icon-color":"#ff0000","icon-scale":0.8,"icon":"http://maps.google.com/mapfiles/kml/pushpin/red-pushpin.png","timestamp":"2024-12-13T16:38:09.000Z"}},{"type":"Feature","geometry":{"type":"Point","coordinates":[135.762668,34.997395,86]},"properties":{"description":"File: kansai-sm_289.jpg\\nLat: 34.997395\\nLon: 135.762668\\nAlt: 86.0m\\n--- RTK Data ---\\nTime: 2024-12-13T16:42:21.000Z","styleUrl":"#imagePointWarning","icon-opacity":1,"icon-color":"#ff0000","icon-scale":0.8,"icon":"http://maps.google.com/mapfiles/kml/pushpin/red-pushpin.png","timestamp":"2024-12-13T16:42:21.000Z"}},{"type":"Feature","geometry":{"type":"Point","coordinates":[135.770597,35.002078,81]},"properties":{"description":"File: kansai-sm_150.jpg\\nLat: 35.002078\\nLon: 135.770597\\nAlt: 81.0m\\n--- RTK Data ---\\nTime: 2024-12-13T17:56:39.000Z","styleUrl":"#imagePointWarning","icon-opacity":1,"icon-color":"#ff0000","icon-scale":0.8,"icon":"http://maps.google.com/mapfiles/kml/pushpin/red-pushpin.png","timestamp":"2024-12-13T17:56:39.000Z"}},{"type":"Feature","geometry":{"type":"Point","coordinates":[135.752773,34.996447,85]},"properties":{"description":"File: kansai-sm_77.jpg\\nLat: 34.996447\\nLon: 135.752773\\nAlt: 85.0m\\n--- RTK Data ---\\nTime: 2024-12-13T22:09:55.000Z","styleUrl":"#imagePointWarning","icon-opacity":1,"icon-color":"#ff0000","icon-scale":0.8,"icon":"http://maps.google.com/mapfiles/kml/pushpin/red-pushpin.png","timestamp":"2024-12-13T22:09:55.000Z"}},{"type":"Feature","geometry":{"type":"Point","coordinates":[135.751457,34.996509,80.492]},"properties":{"description":"File: kansai-sm_57.jpg\\nLat: 34.996509\\nLon: 135.751457\\nAlt: 80.5m\\n--- RTK Data ---\\nProcessing Method: GPS\\nTime: 2024-12-13T22:12:46.000Z","styleUrl":"#imagePointWarning","icon-opacity":1,"icon-color":"#ff0000","icon-scale":0.8,"icon":"http://maps.google.com/mapfiles/kml/pushpin/red-pushpin.png","timestamp":"2024-12-13T22:12:46.000Z"}},{"type":"Feature","geometry":{"type":"Point","coordinates":[135.817307,34.996496,123.078]},"properties":{"description":"File: kansai-sm_240.jpg\\nLat: 34.996496\\nLon: 135.817307\\nAlt: 123.1m\\n--- RTK Data ---\\nProcessing Method: GPS\\nTime: 2024-12-14T08:05:46.000Z","styleUrl":"#imagePointWarning","icon-opacity":1,"icon-color":"#ff0000","icon-scale":0.8,"icon":"http://maps.google.com/mapfiles/kml/pushpin/red-pushpin.png","timestamp":"2024-12-14T08:05:46.000Z"}},{"type":"Feature","geometry":{"type":"Point","coordinates":[135.818073,34.996965,125]},"properties":{"description":"File: kansai-sm_290.jpg\\nLat: 34.996965\\nLon: 135.818073\\nAlt: 125.0m\\n--- RTK Data ---\\nTime: 2024-12-14T08:09:41.000Z","styleUrl":"#imagePointWarning","icon-opacity":1,"icon-color":"#ff0000","icon-scale":0.8,"icon":"http://maps.google.com/mapfiles/kml/pushpin/red-pushpin.png","timestamp":"2024-12-14T08:09:41.000Z"}},{"type":"Feature","geometry":{"type":"Point","coordinates":[135.819479,34.994327,109.425]},"properties":{"description":"File: kansai-sm_151.jpg\\nLat: 34.994327\\nLon: 135.819479\\nAlt: 109.4m\\n--- RTK Data ---\\nProcessing Method: GPS\\nTime: 2024-12-14T08:26:22.000Z","styleUrl":"#imagePointWarning","icon-opacity":1,"icon-color":"#ff0000","icon-scale":0.8,"icon":"http://maps.google.com/mapfiles/kml/pushpin/red-pushpin.png","timestamp":"2024-12-14T08:26:22.000Z"}},{"type":"Feature","geometry":{"type":"Point","coordinates":[135.818876,34.994035,114.01]},"properties":{"description":"File: kansai-sm_152.jpg\\nLat: 34.994035\\nLon: 135.818876\\nAlt: 114.0m\\n--- RTK Data ---\\nProcessing Method: GPS\\nTime: 2024-12-14T08:27:19.000Z","styleUrl":"#imagePointWarning","icon-opacity":1,"icon-color":"#ff0000","icon-scale":0.8,"icon":"http://maps.google.com/mapfiles/kml/pushpin/red-pushpin.png","timestamp":"2024-12-14T08:27:19.000Z"}},{"type":"Feature","geometry":{"type":"Point","coordinates":[135.816791,34.99254,94.74]},"properties":{"description":"File: kansai-sm_291.jpg\\nLat: 34.992540\\nLon: 135.816791\\nAlt: 94.7m\\n--- RTK Data ---\\nProcessing Method: GPS\\nTime: 2024-12-14T08:36:36.000Z","styleUrl":"#imagePointWarning","icon-opacity":1,"icon-color":"#ff0000","icon-scale":0.8,"icon":"http://maps.google.com/mapfiles/kml/pushpin/red-pushpin.png","timestamp":"2024-12-14T08:36:36.000Z"}},{"type":"Feature","geometry":{"type":"Point","coordinates":[135.742492,34.995984,118]},"properties":{"description":"File: kansai-sm_292.jpg\\nLat: 34.995984\\nLon: 135.742492\\nAlt: 118.0m\\n--- RTK Data ---\\nTime: 2024-12-14T09:45:54.000Z","styleUrl":"#imagePointWarning","icon-opacity":1,"icon-color":"#ff0000","icon-scale":0.8,"icon":"http://maps.google.com/mapfiles/kml/pushpin/red-pushpin.png","timestamp":"2024-12-14T09:45:54.000Z"}},{"type":"Feature","geometry":{"type":"Point","coordinates":[135.752005,34.996161,92]},"properties":{"description":"File: kansai-sm_212.jpg\\nLat: 34.996161\\nLon: 135.752005\\nAlt: 92.0m\\n--- RTK Data ---\\nTime: 2024-12-14T10:53:43.000Z","styleUrl":"#imagePointWarning","icon-opacity":1,"icon-color":"#ff0000","icon-scale":0.8,"icon":"http://maps.google.com/mapfiles/kml/pushpin/red-pushpin.png","timestamp":"2024-12-14T10:53:43.000Z"}},{"type":"Feature","geometry":{"type":"Point","coordinates":[135.756026,34.985638,54]},"properties":{"description":"File: kansai-sm_213.jpg\\nLat: 34.985638\\nLon: 135.756026\\nAlt: 54.0m\\n--- RTK Data ---\\nTime: 2024-12-14T12:11:05.000Z","styleUrl":"#imagePointWarning","icon-opacity":1,"icon-color":"#ff0000","icon-scale":0.8,"icon":"http://maps.google.com/mapfiles/kml/pushpin/red-pushpin.png","timestamp":"2024-12-14T12:11:05.000Z"}},{"type":"Feature","geometry":{"type":"Point","coordinates":[135.755903,34.985618,86.644]},"properties":{"description":"File: kansai-sm_293.jpg\\nLat: 34.985618\\nLon: 135.755903\\nAlt: 86.6m\\n--- RTK Data ---\\nProcessing Method: GPS\\nTime: 2024-12-14T12:16:22.000Z","styleUrl":"#imagePointWarning","icon-opacity":1,"icon-color":"#ff0000","icon-scale":0.8,"icon":"http://maps.google.com/mapfiles/kml/pushpin/red-pushpin.png","timestamp":"2024-12-14T12:16:22.000Z"}},{"type":"Feature","geometry":{"type":"Point","coordinates":[135.806138,34.892724,61.541]},"properties":{"description":"File: kansai-sm_153.jpg\\nLat: 34.892724\\nLon: 135.806138\\nAlt: 61.5m\\n--- RTK Data ---\\nProcessing Method: GPS\\nTime: 2024-12-14T13:10:11.000Z","styleUrl":"#imagePointWarning","icon-opacity":1,"icon-color":"#ff0000","icon-scale":0.8,"icon":"http://maps.google.com/mapfiles/kml/pushpin/red-pushpin.png","timestamp":"2024-12-14T13:10:11.000Z"}},{"type":"Feature","geometry":{"type":"Point","coordinates":[135.809864,34.888211,70]},"properties":{"description":"File: kansai-sm_78.jpg\\nLat: 34.888211\\nLon: 135.809864\\nAlt: 70.0m\\n--- RTK Data ---\\nTime: 2024-12-14T13:31:15.000Z","styleUrl":"#imagePointWarning","icon-opacity":1,"icon-color":"#ff0000","icon-scale":0.8,"icon":"http://maps.google.com/mapfiles/kml/pushpin/red-pushpin.png","timestamp":"2024-12-14T13:31:15.000Z"}},{"type":"Feature","geometry":{"type":"Point","coordinates":[135.824794,34.735673,45]},"properties":{"description":"File: kansai-sm_294.jpg\\nLat: 34.735673\\nLon: 135.824794\\nAlt: 45.0m\\n--- RTK Data ---\\nTime: 2024-12-14T14:15:15.000Z","styleUrl":"#imagePointWarning","icon-opacity":1,"icon-color":"#ff0000","icon-scale":0.8,"icon":"http://maps.google.com/mapfiles/kml/pushpin/red-pushpin.png","timestamp":"2024-12-14T14:15:15.000Z"}},{"type":"Feature","geometry":{"type":"Point","coordinates":[135.511241,34.64691,85]},"properties":{"description":"File: kansai-sm_43.jpg\\nLat: 34.646910\\nLon: 135.511241\\nAlt: 85.0m\\n--- RTK Data ---\\nTime: 2024-12-14T16:30:53.000Z","styleUrl":"#imagePointWarning","icon-opacity":1,"icon-color":"#ff0000","icon-scale":0.8,"icon":"http://maps.google.com/mapfiles/kml/pushpin/red-pushpin.png","timestamp":"2024-12-14T16:30:53.000Z"}},{"type":"Feature","geometry":{"type":"Point","coordinates":[135.743027,34.996326,0]},"properties":{"description":"File: kansai-sm_79.jpg\\nLat: 34.996326\\nLon: 135.743027\\n--- RTK Data ---\\nTime: 2024-12-14T19:52:50.000Z","styleUrl":"#imagePointWarning","icon-opacity":1,"icon-color":"#ff0000","icon-scale":0.8,"icon":"http://maps.google.com/mapfiles/kml/pushpin/red-pushpin.png","timestamp":"2024-12-14T19:52:50.000Z"}},{"type":"Feature","geometry":{"type":"Point","coordinates":[135.745554,34.996417,71]},"properties":{"description":"File: kansai-sm_295.jpg\\nLat: 34.996417\\nLon: 135.745554\\nAlt: 71.0m\\n--- RTK Data ---\\nTime: 2024-12-14T19:56:35.000Z","styleUrl":"#imagePointWarning","icon-opacity":1,"icon-color":"#ff0000","icon-scale":0.8,"icon":"http://maps.google.com/mapfiles/kml/pushpin/red-pushpin.png","timestamp":"2024-12-14T19:56:35.000Z"}},{"type":"Feature","geometry":{"type":"Point","coordinates":[135.187171,34.696047,91.717]},"properties":{"description":"File: kansai-sm_73.jpg\\nLat: 34.696047\\nLon: 135.187171\\nAlt: 91.7m\\n--- RTK Data ---\\nProcessing Method: GPS\\nTime: 2024-12-15T08:46:18.000Z","styleUrl":"#imagePointWarning","icon-opacity":1,"icon-color":"#ff0000","icon-scale":0.8,"icon":"http://maps.google.com/mapfiles/kml/pushpin/red-pushpin.png","timestamp":"2024-12-15T08:46:18.000Z"}},{"type":"Feature","geometry":{"type":"Point","coordinates":[135.186008,34.696371,80]},"properties":{"description":"File: kansai-sm_296.jpg\\nLat: 34.696371\\nLon: 135.186008\\nAlt: 80.0m\\n--- RTK Data ---\\nTime: 2024-12-15T08:49:27.000Z","styleUrl":"#imagePointWarning","icon-opacity":1,"icon-color":"#ff0000","icon-scale":0.8,"icon":"http://maps.google.com/mapfiles/kml/pushpin/red-pushpin.png","timestamp":"2024-12-15T08:49:27.000Z"}},{"type":"Feature","geometry":{"type":"Point","coordinates":[135.180615,34.697502,192]},"properties":{"description":"File: kansai-sm_214.jpg\\nLat: 34.697502\\nLon: 135.180615\\nAlt: 192.0m\\n--- RTK Data ---\\nTime: 2024-12-15T09:17:12.000Z","styleUrl":"#imagePointWarning","icon-opacity":1,"icon-color":"#ff0000","icon-scale":0.8,"icon":"http://maps.google.com/mapfiles/kml/pushpin/red-pushpin.png","timestamp":"2024-12-15T09:17:12.000Z"}},{"type":"Feature","geometry":{"type":"Point","coordinates":[135.180629,34.697332,211.963]},"properties":{"description":"File: kansai-sm_216.jpg\\nLat: 34.697332\\nLon: 135.180629\\nAlt: 212.0m\\n--- RTK Data ---\\nProcessing Method: GPS\\nTime: 2024-12-15T09:39:51.000Z","styleUrl":"#imagePointWarning","icon-opacity":1,"icon-color":"#ff0000","icon-scale":0.8,"icon":"http://maps.google.com/mapfiles/kml/pushpin/red-pushpin.png","timestamp":"2024-12-15T09:39:51.000Z"}},{"type":"Feature","geometry":{"type":"Point","coordinates":[135.185831,34.689151,65.633]},"properties":{"description":"File: kansai-sm_217.jpg\\nLat: 34.689151\\nLon: 135.185831\\nAlt: 65.6m\\n--- RTK Data ---\\nProcessing Method: GPS\\nTime: 2024-12-15T10:06:42.000Z","styleUrl":"#imagePointWarning","icon-opacity":1,"icon-color":"#ff0000","icon-scale":0.8,"icon":"http://maps.google.com/mapfiles/kml/pushpin/red-pushpin.png","timestamp":"2024-12-15T10:06:42.000Z"}},{"type":"Feature","geometry":{"type":"Point","coordinates":[135.190057,34.686261,62.977]},"properties":{"description":"File: kansai-sm_179.jpg\\nLat: 34.686261\\nLon: 135.190057\\nAlt: 63.0m\\n--- RTK Data ---\\nProcessing Method: GPS\\nTime: 2024-12-15T11:59:52.000Z","styleUrl":"#imagePointWarning","icon-opacity":1,"icon-color":"#ff0000","icon-scale":0.8,"icon":"http://maps.google.com/mapfiles/kml/pushpin/red-pushpin.png","timestamp":"2024-12-15T11:59:52.000Z"}},{"type":"Feature","geometry":{"type":"Point","coordinates":[135.190196,34.684946,65]},"properties":{"description":"File: kansai-sm_180.jpg\\nLat: 34.684946\\nLon: 135.190196\\nAlt: 65.0m\\n--- RTK Data ---\\nTime: 2024-12-15T12:04:23.000Z","styleUrl":"#imagePointWarning","icon-opacity":1,"icon-color":"#ff0000","icon-scale":0.8,"icon":"http://maps.google.com/mapfiles/kml/pushpin/red-pushpin.png","timestamp":"2024-12-15T12:04:23.000Z"}},{"type":"Feature","geometry":{"type":"Point","coordinates":[135.190212,34.684548,63.432]},"properties":{"description":"File: kansai-sm_297.jpg\\nLat: 34.684548\\nLon: 135.190212\\nAlt: 63.4m\\n--- RTK Data ---\\nProcessing Method: GPS\\nTime: 2024-12-15T12:06:32.000Z","styleUrl":"#imagePointWarning","icon-opacity":1,"icon-color":"#ff0000","icon-scale":0.8,"icon":"http://maps.google.com/mapfiles/kml/pushpin/red-pushpin.png","timestamp":"2024-12-15T12:06:32.000Z"}},{"type":"Feature","geometry":{"type":"Point","coordinates":[135.19013,34.683102,51.777]},"properties":{"description":"File: kansai-sm_181.jpg\\nLat: 34.683102\\nLon: 135.190130\\nAlt: 51.8m\\n--- RTK Data ---\\nProcessing Method: GPS\\nTime: 2024-12-15T12:14:02.000Z","styleUrl":"#imagePointWarning","icon-opacity":1,"icon-color":"#ff0000","icon-scale":0.8,"icon":"http://maps.google.com/mapfiles/kml/pushpin/red-pushpin.png","timestamp":"2024-12-15T12:14:02.000Z"}},{"type":"Feature","geometry":{"type":"Point","coordinates":[135.184028,34.680995,48]},"properties":{"description":"File: kansai-sm_298.jpg\\nLat: 34.680995\\nLon: 135.184028\\nAlt: 48.0m\\n--- RTK Data ---\\nTime: 2024-12-15T12:33:12.000Z","styleUrl":"#imagePointWarning","icon-opacity":1,"icon-color":"#ff0000","icon-scale":0.8,"icon":"http://maps.google.com/mapfiles/kml/pushpin/red-pushpin.png","timestamp":"2024-12-15T12:33:12.000Z"}},{"type":"Feature","geometry":{"type":"Point","coordinates":[135.03368,34.632391,51]},"properties":{"description":"File: kansai-sm_167.jpg\\nLat: 34.632391\\nLon: 135.033680\\nAlt: 51.0m\\n--- RTK Data ---\\nTime: 2024-12-15T13:20:54.000Z","styleUrl":"#imagePointWarning","icon-opacity":1,"icon-color":"#ff0000","icon-scale":0.8,"icon":"http://maps.google.com/mapfiles/kml/pushpin/red-pushpin.png","timestamp":"2024-12-15T13:20:54.000Z"}},{"type":"Feature","geometry":{"type":"Point","coordinates":[135.195774,34.69449,60]},"properties":{"description":"File: kansai-sm_182.jpg\\nLat: 34.694490\\nLon: 135.195774\\nAlt: 60.0m\\n--- RTK Data ---\\nTime: 2024-12-15T14:16:11.000Z","styleUrl":"#imagePointWarning","icon-opacity":1,"icon-color":"#ff0000","icon-scale":0.8,"icon":"http://maps.google.com/mapfiles/kml/pushpin/red-pushpin.png","timestamp":"2024-12-15T14:16:11.000Z"}},{"type":"Feature","geometry":{"type":"Point","coordinates":[135.195947,34.694807,86]},"properties":{"description":"File: kansai-sm_222.jpg\\nLat: 34.694807\\nLon: 135.195947\\nAlt: 86.0m\\n--- RTK Data ---\\nTime: 2024-12-15T14:18:44.000Z","styleUrl":"#imagePointWarning","icon-opacity":1,"icon-color":"#ff0000","icon-scale":0.8,"icon":"http://maps.google.com/mapfiles/kml/pushpin/red-pushpin.png","timestamp":"2024-12-15T14:18:44.000Z"}},{"type":"Feature","geometry":{"type":"Point","coordinates":[135.195971,34.694893,73]},"properties":{"description":"File: kansai-sm_183.jpg\\nLat: 34.694893\\nLon: 135.195971\\nAlt: 73.0m\\n--- RTK Data ---\\nTime: 2024-12-15T14:19:32.000Z","styleUrl":"#imagePointWarning","icon-opacity":1,"icon-color":"#ff0000","icon-scale":0.8,"icon":"http://maps.google.com/mapfiles/kml/pushpin/red-pushpin.png","timestamp":"2024-12-15T14:19:32.000Z"}},{"type":"Feature","geometry":{"type":"Point","coordinates":[135.497487,34.703173,173]},"properties":{"description":"File: kansai-sm_299.jpg\\nLat: 34.703173\\nLon: 135.497487\\nAlt: 173.0m\\n--- RTK Data ---\\nTime: 2024-12-15T15:45:40.000Z","styleUrl":"#imagePointWarning","icon-opacity":1,"icon-color":"#ff0000","icon-scale":0.8,"icon":"http://maps.google.com/mapfiles/kml/pushpin/red-pushpin.png","timestamp":"2024-12-15T15:45:40.000Z"}},{"type":"Feature","geometry":{"type":"Point","coordinates":[135.496045,34.702265,57]},"properties":{"description":"File: kansai-sm_2.jpg\\nLat: 34.702265\\nLon: 135.496045\\nAlt: 57.0m\\n--- RTK Data ---\\nTime: 2024-12-15T15:56:44.000Z","styleUrl":"#imagePointWarning","icon-opacity":1,"icon-color":"#ff0000","icon-scale":0.8,"icon":"http://maps.google.com/mapfiles/kml/pushpin/red-pushpin.png","timestamp":"2024-12-15T15:56:44.000Z"}},{"type":"Feature","geometry":{"type":"Point","coordinates":[135.494999,34.703428,38]},"properties":{"description":"File: kansai-sm_4.jpg\\nLat: 34.703428\\nLon: 135.494999\\nAlt: 38.0m\\n--- RTK Data ---\\nTime: 2024-12-15T15:57:31.000Z","styleUrl":"#imagePointWarning","icon-opacity":1,"icon-color":"#ff0000","icon-scale":0.8,"icon":"http://maps.google.com/mapfiles/kml/pushpin/red-pushpin.png","timestamp":"2024-12-15T15:57:31.000Z"}},{"type":"Feature","geometry":{"type":"Point","coordinates":[135.495365,34.703165,111]},"properties":{"description":"File: kansai-sm_192.jpg\\nLat: 34.703165\\nLon: 135.495365\\nAlt: 111.0m\\n--- RTK Data ---\\nTime: 2024-12-15T18:10:10.000Z","styleUrl":"#imagePointWarning","icon-opacity":1,"icon-color":"#ff0000","icon-scale":0.8,"icon":"http://maps.google.com/mapfiles/kml/pushpin/red-pushpin.png","timestamp":"2024-12-15T18:10:10.000Z"}},{"type":"Feature","geometry":{"type":"Point","coordinates":[135.495831,34.702332,101]},"properties":{"description":"File: kansai-sm_300.jpg\\nLat: 34.702332\\nLon: 135.495831\\nAlt: 101.0m\\n--- RTK Data ---\\nTime: 2024-12-15T18:13:06.000Z","styleUrl":"#imagePointWarning","icon-opacity":1,"icon-color":"#ff0000","icon-scale":0.8,"icon":"http://maps.google.com/mapfiles/kml/pushpin/red-pushpin.png","timestamp":"2024-12-15T18:13:06.000Z"}},{"type":"Feature","geometry":{"type":"Point","coordinates":[135.756822,34.988063,90]},"properties":{"description":"File: kansai-sm_250.jpg\\nLat: 34.988063\\nLon: 135.756822\\nAlt: 90.0m\\n--- RTK Data ---\\nTime: 2024-12-15T19:26:33.000Z","styleUrl":"#imagePointWarning","icon-opacity":1,"icon-color":"#ff0000","icon-scale":0.8,"icon":"http://maps.google.com/mapfiles/kml/pushpin/red-pushpin.png","timestamp":"2024-12-15T19:26:33.000Z"}},{"type":"Feature","geometry":{"type":"Point","coordinates":[135.755738,34.98937,85]},"properties":{"description":"File: kansai-sm_251.jpg\\nLat: 34.989370\\nLon: 135.755738\\nAlt: 85.0m\\n--- RTK Data ---\\nTime: 2024-12-15T19:29:34.000Z","styleUrl":"#imagePointWarning","icon-opacity":1,"icon-color":"#ff0000","icon-scale":0.8,"icon":"http://maps.google.com/mapfiles/kml/pushpin/red-pushpin.png","timestamp":"2024-12-15T19:29:34.000Z"}},{"type":"Feature","geometry":{"type":"Point","coordinates":[135.755738,34.98937,85]},"properties":{"description":"File: kansai-sm_80.jpg\\nLat: 34.989370\\nLon: 135.755738\\nAlt: 85.0m\\n--- RTK Data ---\\nTime: 2024-12-15T19:29:34.000Z","styleUrl":"#imagePointWarning","icon-opacity":1,"icon-color":"#ff0000","icon-scale":0.8,"icon":"http://maps.google.com/mapfiles/kml/pushpin/red-pushpin.png","timestamp":"2024-12-15T19:29:34.000Z"}}]}